new_lane,product,tonnage,new_rate,matched_lane,matched_rate,score,abs_diff,pct_diff
KOLNGO F24- ATHIRIVER LAT BEER,BEER,14T,33717.07,KBL NBO F20 - ATHIRIVER 14T BEER,656.19,0.8,33060.88,5038.309026349075
NEO F24. BOMET 147 BEER,BEER,24T,57363.99,KBL NBO F20 - BOMET 14T BEER,893.87,0.7692307692307693,56470.119999999995,6317.486882880061
NBO F24- RUNGOMA 147 BEER,BEER,24T,99104.0,KBL NBO F20 - BUNGOMA 14T BEER,372.05,0.7906976744186046,98731.95,26537.27993549254
NBO F24- BUSIA 347 BEER,BEER,24T,110943.09,KBL NBO F20 - BUSIA 14T BEER,349.58,0.7692307692307693,110593.51,31636.10904513988
NDO F24-CHUKA 147 BEER,BEER,24T,30743.01,KBL NBO F20 - CHUKA 14T BEER,285.5,0.7692307692307693,30457.51,10668.129597197898
NBO F24 - ELDORET 147 BEER,BEER,24T,79998.73,KBL NBO F20 - ELDORET 14T BEER,990.52,0.8372093023255814,79008.20999999999,7976.437628720268
NBO F24 . EMOU 147 BEER,BEER,24T,34004.38,KBL NBO F20 - EMBU 14T BEER,57.53,0.7567567567567568,33946.85,59007.213627672514
KBLNEO F24- GIKOMBA 147 BEER,BEER,24T,15851.56,KBL NBO F20 - GIKOMBA 14T BEER,534.24,0.8695652173913043,15317.32,2867.1233902365975
F24 . HURLIGHUM DEF 147 BEER,BEER,24T,31508.82,KBL NBO F20 - HURLIGHUM DEF 14T Beer,111.04,0.8,31397.78,28276.098703170028
NBO F24 - INDUSTRIAL AREA 14T BEER,BEER,14T,12329.14,KBL NBO F20 - INDUSTRIAL AREA 14T BEER,111.04,0.9122807017543859,12218.099999999999,11003.33213256484
NBO F24 . ISIOLO 147 BEER,BEER,24T,57558.23,KBL NBO F20 - ISIOLO 14T BEER,296.15,0.8292682926829268,57262.08,19335.498902583153
NAO F24- KABARNET 147 BEER,BEER,24T,81725.2,KBL NBO F20 - KABARNET 14T BEER,752.24,0.8,80972.95999999999,10764.245453578644
NBO F24- KABATI 147 BEER,BEER,24T,16021.06,KBL NBO F20 - KABATI 14T BEER,923.65,0.8292682926829268,15097.41,1634.53797434093
NBO F24 - KANGEMA LAT BEER,BEER,14T,27165.18,KBL NBO F20 - Kangema 14T BEER,682.83,0.7906976744186046,26482.35,3878.322569307148
NGO F24. KIBERA 147 BEER,BEER,24T,10372.17,KBL NBO F20 - KIBERA 14T BEER,243.03,0.7804878048780488,10129.14,4167.855820269102
NBO F24 - KISH 147 BEER,BEER,24T,74580.04,KBL NBO F20 - KISII 14T BEER,462.18,0.7368421052631579,74117.86,16036.578822103942
NEO F24- KITALE 147 BEER,BEER,24T,4274.52,KBL NBO F20 - KITALE 14T BEER,577.75,0.7804878048780488,3696.7700000000004,639.8563392470793
NBO F24 - KITU 147 BEER,BEER,24T,41298.1,KBL NBO F20 - KITUI 14T BEER,500.1,0.7894736842105263,40798.0,8157.968406318736
NBO F24 - LANET 147 BEER,BEER,24T,46202.47,KBL NBO F20 - LANET 14T Beer,504.56,0.8205128205128205,45697.91,9056.98232123038
NBO F24- LIMURU 141 BEER,BEER,24T,15643.03,KBL NBO F20 - LIMURU 14T BEER,321.46,0.8292682926829268,15321.570000000002,4766.244633858024
NBO F24 - MACHAKOS 147 BEER,BEER,24T,22126.95,KBL NBO F20 - MACHAKOS 14T BEER,937.71,0.8444444444444444,21189.24,2259.6794318072753
NEO F24 - MARALAL 147 BEER,BEER,24T,73765.55,KBL NBO F20 - MARALAL 14T BEER,993.59,0.7906976744186046,72771.96,7324.143761511287
NEO F24. MATHARE 147 BEER,BEER,24T,10764.17,KBL NBO F20 - MATHARE 14T Beer,243.03,0.7906976744186046,10521.14,4329.152779492244
KBLNGO F24- MERU 14T BEER,BEER,14T,49332.59,KBL NBO F20 - MERU 14T BEER,698.56,0.9,48634.03,6962.040483279891
NBO F24 - MOGOTIO 147 BEER,BEER,24T,56023.16,KBL NBO F20 - MOGOTIO 14T Beer,525.67,0.8372093023255814,55497.490000000005,10557.47712443168
NBO F24 - MTONGWE 147 BEER,BEER,24T,417378.03,KBL NBO F20 - MTONGWE 14T Beer,216.9,0.8372093023255814,417161.13,192328.78284923927
NBO F24 - MURANGA 147 BEER,BEER,24T,24495.0,KBL NBO F20 - MURANGA 14T BEER,354.08,0.8372093023255814,24140.92,6817.928151830095
NBO F24 - MWIKI14T BEER,BEER,14T,10764.17,KBL NBO F20 - MWIKI 14T BEER,243.03,0.8717948717948718,10521.14,4329.152779492244
KBLNOO F24 - NAIROBI 147 BEER,BEER,24T,13476.02,KBL NBO F20 - NAIROBI 14T BEER,111.04,0.8695652173913043,13364.98,12036.18515850144
NBO F24 - NRB NASRA 14T BEER,BEER,14T,10666.17,KBL NBO F20 - NRB NASRA 14T Beer,243.03,0.8888888888888888,10423.14,4288.8285396864585
NBO F24 - RONGAI14T BEER,BEER,14T,11899.85,KBL NBO F20 - Rongai 14T BEER,401.88,0.8780487804878049,11497.970000000001,2861.045585746989
NBO F24- RUIRU 147 BEER,BEER,24T,13476.82,KBL NBO F20 - RUIRU 14T BEER,111.04,0.8205128205128205,13365.779999999999,12036.90561959654
NBO F24- TALA 147 BEER,BEER,24T,29031.72,KBL NBO F20 - TALA 14T BEER,983.38,0.8108108108108109,28048.34,2852.2381988651387
NBO F24. UKUNDA 147 BEER,BEER,24T,124170.03,KBL NBO F20 - UKUNDA 14T Beer,446.86,0.8292682926829268,123723.17,27687.23313789554
NBO F24- CHUKA 307 BEUR BEER,BEER,24T,69045.12,KBL NBO F20 - CHUKA 30T BEER,813.39,0.7441860465116279,68231.73,8388.562682108213
KOLNBO F24. EMALI30T BEER,BEER,30T,52623.99,KBL NBO F20 - EMALI 30T BEER,57.14,0.9047619047619048,52566.85,91996.58732936646
KOLNDO F24- EMBU 30T BEER,BEER,30T,56317.1,KBL NBO F20 - EMBU 30T BEER,26.67,0.85,56290.43,211062.72965879267
NBO F24- GARISSA 30T BEER,BEER,30T,149174.63,KBL NBO F20 - GARISSA 30T BEER,578.2,0.8837209302325582,148596.43,25699.832237979932
XBLNGO F24. GIKOMBA 307 BEER,BEER,24T,10006.2,KBL NBO F20 - GIKOMBA 30T BEER,814.48,0.8260869565217391,9191.720000000001,1128.5384539829095
KGLNAG F24 - GiLGil SOY MEER BEER,BEER,24T,55779.97,KBL NBO F20 - GILGIL 14T BEER,130.55,0.625,55649.42,42626.90157027958
NIG F24- HURLIGHUM DEF 307 BEER,BEER,24T,18086.2,KBL NBO F20 - HURLIGHUM DEF 30T Beer,814.48,0.7924528301886793,17271.72,2120.582457518908
NBO F24-HURUMA 307 BEER,BEER,24T,15075.87,KBL NBO F20 - Huruma 30T BEER,452.01,0.8292682926829268,14623.86,3235.295679299131
NGO F24- KABARNET 30T BEER,BEER,30T,123.95,KBL NBO F20 - KABARNET 30T BEER,800.0,0.8444444444444444,676.05,84.50625
F24. KAPSABET 30T BEER,BEER,30T,128215.14,KBL NBO F20 - Kapsabet 30T BEER,448.83,0.8095238095238095,127766.31,28466.5263017178
NAO F24- KERICHO 307 BEER,BEER,24T,106344.77,KBL NBO F20 - KERICHO 30T BEER,874.25,0.7906976744186046,105470.52,12064.114383757507
NBO F24- LOKICHOGIO SOT 6 BEER,BEER,24T,321264.99,KBL NBO F20 - LOKICHOGIO 14T BEER,951.53,0.8,320313.45999999996,33662.99118262167
NBO F24- MARALAL 307 BEER,BEER,24T,297006.31,KBL NBO F20 - MARALAL 30T BEER,426.85,0.8372093023255814,296579.46,69480.95583928781
NAO F24- MARSAQIT 307 ACER BEER,BEER,24T,197506.59,KBL NBO F20 - MARSABIT 30T BEER,896.52,0.6938775510204082,196610.07,21930.360728148844
NGO F24- MATHARE 307 BEER,BEER,24T,14798.8,KBL NBO F20 - MATHARE 30T Beer,51.59,0.7906976744186046,14747.21,28585.404148090714
NBO F24- MOGOTIO 30T BEER,BEER,30T,89138.2,KBL NBO F20 - MOGOTIO 30T Beer,316.54,0.8837209302325582,88821.66,28060.16933089025
NBO F24. MURANGA 30T BEER,BEER,30T,34535.32,KBL NBO F20 - MURANGA 30T BEER,619.51,0.8837209302325582,33915.81,5474.618650223564
NBO F24- MWIKIZOT BEER,BEER,24T,14798.8,KBL NBO F20 - MWIKI 14T BEER,243.03,0.7692307692307693,14555.769999999999,5989.289388141381
NBO F24- NAIROBI THT 30T GEER BEER,BEER,30T,14798.8,KBL NBO F20 - NAIROBI THT 30T Beer,51.59,0.8301886792452831,14747.21,28585.404148090714
NBO F24- NAIVASHA 307 BEER,BEER,24T,45257.04,KBL NBO F20 - NAIVASHA 30T BEER,840.66,0.8444444444444444,44416.38,5283.512954107487
NBO F24- NANOK JOT BLER BEER,BEER,24T,41275.44,KBL NBO F20 - NAROK 14T BEER,851.84,0.6511627906976745,40423.600000000006,4745.445154019535
KALNBO F24- NKUBU JOT BEER,BEER,24T,86540.65,KBL NBO F20 - NKUBU 14T BEER,884.96,0.8095238095238095,85655.68999999999,9679.046510576749
NSO F24- NYALI30T BEER,BEER,30T,189644.62,KBL NBO F20 - NYALI 30T Beer,859.08,0.8205128205128205,188785.54,21975.315453741212
NBO F24. NYERI30T BEER,BEER,30T,9208.23,KBL NBO F20 - NYERI 30T BEER,775.74,0.8717948717948718,8432.49,1087.0252919792713
NBO F24 - OTHAYA JOT DEER BEER,BEER,24T,49452.75,KBL NBO F20 - OTHAYA 14T Beer,760.31,0.7111111111111111,48692.44,6404.2877247438555
NBO F24- RONGAI30T BEER,BEER,30T,17263.63,KBL NBO F20 - Rongai 30T BEER,975.11,0.8780487804878049,16288.52,1670.4289772435932
NOO F24- AUIRU JOT DEER IBEER,BEER,24T,17439.73,KBL NBO F20 - RUIRU 14T BEER,111.04,0.5909090909090909,17328.69,15605.808717579248
NBO F24- TALA 307 BEER,BEER,24T,32979.0,KBL NBO F20 - TALA 30T BEER,11.23,0.8108108108108109,32967.77,293568.7444345503
NBO F24- TAVETA 307 BEER,BEER,24T,135259.09,KBL NBO F20 - TAVETA 30T BEER,686.97,0.8292682926829268,134572.12,19589.228059449466
NGO F24- THIKA 207 GEER BEER,BEER,24T,23278.04,KBL NBO F20 - THIKA 30T BEER,112.29,0.6511627906976745,23165.75,20630.287648054145
NBO F24- UKUNDA 30T BEER,BEER,30T,142485.0,KBL NBO F20 - UKUNDA 30T Beer,158.36,0.8780487804878049,142326.64,89875.37256883051
NDO F24-ATHIAIVER 7.57 BEER,BEER,24T,13274.85,KBL NBO F20 - ATHIRIVER 7.5T BEER,864.13,0.7659574468085106,12410.720000000001,1436.209829539537
NBO F24 - BOMET 7.5T BEER,BEER,7.5T,43687.77,KBL NBO F20 - BOMET 7.5T BEER,938.54,0.8717948717948718,42749.229999999996,4554.865003089905
NBO F24 - BURUBURU 7.57 BEER,BEER,24T,11138.83,KBL NBO F20 - Buruburu 7.5T BEER,725.33,0.8444444444444444,10413.5,1435.6913404932927
KBLNGO F24. GUSIA 7.5T BEER,BEER,7.5T,7.51,KBL NBO F20 - BUSIA 7.5T BEER,515.4,0.8571428571428571,507.89,98.54287931703531
NOO F24 - DAGORETTI CORNER 7.5T BEER,BEER,7.5T,10024.95,KBL NBO F20 - DAGORETTI CORNER 7.5T Beer,725.33,0.8813559322033898,9299.62,1282.1226200488054
KBLNBO F24. DANDORA 7.5T BEER,BEER,7.5T,7.57,KBL NBO F20 - DANDORA 7.5T Beer,794.24,0.9565217391304348,786.67,99.04688759065269
NBO F24 - EMALI7.ST BEER,BEER,24T,26766.48,KBL NBO F20 - EMALI 7.5T BEER,671.92,0.8205128205128205,26094.56,3883.581378735564
F24-GATUNDU 7.57 BEER,BEER,24T,2.51,F24 -BDC -GATUNDU - Beer - 14T,869.38,0.7567567567567568,866.87,99.71128850445145
KBLNBO F24 - GILGIL 7.S7 BEER,BEER,24T,7.57,KBL NBO F20 - GILGIL 7.5T BEER,988.26,0.8636363636363636,980.6899999999999,99.23400724505697
NBO F24- NURLIGHUM DEF 7.57 BEER,BEER,24T,10158.83,KBL NBO F20 - HURLIGHUM DEF 7.5T Beer,725.33,0.8301886792452831,9433.5,1300.5804254615139
NBO F24. HURUMA 7.57 BEER,BEER,24T,11138.83,KBL NBO F20 - HURUMA 7.5T Beer,725.33,0.8292682926829268,10413.5,1435.6913404932927
NGO F24- KAGIO 7.5T BEER,BEER,7.5T,23871.4,KBL NBO F20 - Kagio 7.5T BEER,717.76,0.8205128205128205,23153.640000000003,3225.819215336603
NBO F24- KERICHO 7.5T BEER,BEER,7.5T,2.57,KBL NBO F20 - KERICHO 7.5T BEER,265.22,0.8837209302325582,262.65000000000003,99.03099313777241
NEO F24 . KIBERA 7.57 BEER,BEER,24T,9050.36,KBL NBO F20 - KIBERA 7.5T BEER,794.24,0.7804878048780488,8256.12,1039.4993956486705
NBO F24 - KIBWEZI7.ST BEER,BEER,24T,7.57,KBL NBO F20 - KIBWEZI 7.5T BEER,877.22,0.8372093023255814,869.65,99.13704657896535
HOO F24- KIS 7.57 BEER,BEER,24T,7.57,KBL NBO F20 - KISII 7.5T BEER,879.02,0.6486486486486487,871.4499999999999,99.13881367886964
NBO F24 - KITALE 7.57 BEER,BEER,24T,68220.4,KBL NBO F20 - KITALE 7.5T BEER,980.0,0.8292682926829268,67240.4,6861.265306122448
KALNGO F24 - KITUI7.ST BEER,BEER,24T,32141.62,KBL NBO F20 - KITUI 7.5T BEER,156.76,0.8095238095238095,31984.86,20403.712681806584
NEO F24 - LIMURU 7.5T BEER,BEER,7.5T,7.51,KBL NBO F20 - LIMURU 7.5T BEER,354.45,0.8292682926829268,346.94,97.88122443221894
KBLNOO F24 - LOITOKTOK 7.57 BEER,BEER,24T,37151.73,KBL NBO F20 - LOITOKTOK 7.5T Beer,269.09,0.88,36882.64000000001,13706.432792002679
KDLUNGO F24 - MACHAKOS 7.57 BEER,BEER,24T,17200.08,KBL NBO F20 - MACHAKOS 7.5T BEER,12.32,0.8163265306122449,17187.760000000002,139511.03896103898
NBO F24 - MAKONGENI 7.57 BEER,BEER,24T,12466.24,KBL NBO F20 - MAKONGENI 7.5T Beer,493.25,0.851063829787234,11972.99,2427.3674607197163
NOO F246. MATHARE 7.57 BEER,BEER,24T,8345.32,KBL NBO F20 - MATHARE 7.5T Beer,794.24,0.7727272727272727,7551.08,950.7302578565673
NEO F24 . MAUA 7.5T BEER,BEER,7.5T,7.51,KBL NBO F20 - MAUA 7.5T BEER,265.22,0.8108108108108109,257.71000000000004,97.16838850765403
NSO F24- MOGOTIO 7.5T BEER,BEER,7.5T,43134.94,KBL NBO F20 - MOGOTIO 7.5T Beer,476.46,0.8372093023255814,42658.48,8953.213281282795
NDO F24- MTONGWE 7.57 BEER,BEER,24T,7.51,KBL NBO F20 - MTONGWE 7.5T Beer,576.73,0.7906976744186046,569.22,98.69783087406586
NBO F24 - MURANGA 7.ST BEER,BEER,24T,2.57,KBL NBO F20 - MURANGA 7.5T BEER,56.22,0.8372093023255814,53.65,95.42867307008181
NBO F24- MWIKI 7.57 BEER,BEER,24T,9050.36,KBL NBO F20 - MWIKI 7.5T BEER,794.24,0.8205128205128205,8256.12,1039.4993956486705
KBLNGO F24- NAKURU 7.57 BEER,BEER,24T,2.57,KBL NBO F20 - NAKURU 7.5T BEER,473.09,0.8636363636363636,470.52,99.45676298378744
KBLNBO F24- NANYUKI7.ST BEER,BEER,24T,37201.69,KBL NBO F20 - NANYUKI 7.5T BEER,320.09,0.9130434782608695,36881.600000000006,11522.259364553722
NBO F24 - NGONG 7.5T BEER,BEER,7.5T,12793.88,KBL NBO F20 - NGONG 7.5T BEER,414.16,0.8717948717948718,12379.72,2989.115317751593
NBO F24- NIORO 7.57 BEER,BEER,24T,36531.7,KBL NBO F20 - NJORO 7.5T BEER,561.01,0.7692307692307693,35970.689999999995,6411.773408673642
NBO F24 . NRB NASRA 7.ST BEER,BEER,24T,9050.36,KBL NBO F20 - NRB NASRA 7.5T Beer,794.24,0.8444444444444444,8256.12,1039.4993956486705
NBO F24 - NVERI7.5T BEER,BEER,7.5T,30898.75,KBL NBO F20 - NYERI 7.5T BEER,888.52,0.8205128205128205,30010.23,3377.5525593121147
NBO F24 - OTHAYA 7.57 DEER BEER,BEER,24T,7.57,KBL NBO F20 - OTHAYA 7.5T Beer,950.0,0.7555555555555555,942.43,99.20315789473683
NBO F24 . TAVETA 7.57 BEER,BEER,24T,63839.27,KBL NBO F20 - TAVETA 7.5T BEER,111.45,0.8292682926829268,63727.82,57180.637056976215
NAO F24- VOI7.ST BEER,BEER,24T,62651.65,KBL NBO F20 - VOI 7.5T BEER,846.12,0.7428571428571429,61805.53,7304.582092374603
KBLNGO F24- WAJIR7.5T BEER,BEER,7.5T,7.51,KBL NBO F20 - WAJIR 7.5T Beer,218.35,0.9047619047619048,210.84,96.56056789558049
NBO F24- NAIROBI T POEER BEER,BEER,24T,985.86,KBL NBO F20 - NAIROBI 14T BEER,111.04,0.7391304347826086,874.82,787.8422190201729
NBO F24- AUALOUAU 147 KEG,KEG,24T,13538.63,KBL NBO F20 - MAUA 14T KEG,80.63,0.6666666666666666,13458.0,16691.05791888875
NBO F24 - CHANGAMWE 14T KEG,KEG,14T,145235.84,KBL NBO F20 - Changamwe 14T KEG,946.77,0.8888888888888888,144289.07,15240.139632645732
NOO F24 - DANDORA 14T KEG,KEG,14T,13933.18,KBL NBO F20 - Dandora 14T KEG,576.72,0.8292682926829268,13356.460000000001,2315.93494243307
NBO F24 - DONYO 14T KEG,KEG,14T,19148.67,KBL NBO F20 - Donyo 14T KEG,69.69,0.8648648648648649,19078.98,27376.926388291
f24- E00 KEG,KEG,24T,78702.68,KBL NBO F20 - VOI 30T KEG,941.26,0.5185185185185185,77761.42,8261.417674181415
NBO F24 - EMALI 147 KEG,KEG,24T,34697.19,KBL NBO F20 - EMALI 14T KEG,764.42,0.8108108108108109,33932.770000000004,4439.0217419743085
NBO F24 - EMU 14T KEG,KEG,14T,34066.19,KBL NBO F20 - EMBU 14T KEG,120.6,0.8235294117647058,33945.590000000004,28147.255389718084
NBO F24 - GILGIL 14T KEG,KEG,14T,36097.75,KBL NBO F20 - GILGIL 14T Keg,193.62,0.8717948717948718,35904.13,18543.606032434665
NBO F24. GITHUNGURI 147 KEG,KEG,24T,19186.64,KBL NBO F20 - GITHUNGURI 14T KEG,937.38,0.851063829787234,18249.26,1946.836928460176
KGLNGO F24. HOLA LAT KEG,KEG,14T,113399.22,KBL NBO F20 - Hola 14T KEG,846.31,0.7368421052631579,112552.91,13299.253228722338
NBO F24-IKUTHA 147 KEG,KEG,24T,98994.9,KBL NBO F20 - IKUTHA 14T Keg,244.91,0.8205128205128205,98749.98999999999,40320.930137601565
KOLUNDO F24-JUJA 147 KEG,KEG,24T,14479.11,KBL NBO F20 - Juja 14T KEG,133.79,0.7692307692307693,14345.32,10722.266238134389
NBO F24 KABATI 141 KEG,KEG,24T,25416.08,KBL NBO F20 - KABATI 14T KEG,293.96,0.8205128205128205,25122.120000000003,8546.10151040958
NOG F24-KAGIO 147 KEG,KEG,24T,26056.05,KBL NBO F20 - Kagio 14T KEG,793.93,0.7567567567567568,25262.12,3181.9077248623935
KELNBO F24- TALA 147 KEG,KEG,24T,15439.59,KBL NBO F20 - TALA 14T KEG,195.5,0.8421052631578947,15244.09,7797.488491048594
NBO F24. KAHURO 14T KEG,KEG,14T,27858.11,KBL NBO F20 - Kahuro 14T KEG,786.44,0.8717948717948718,27071.670000000002,3442.30583388434
NBO F24- KAKAMEGA 147 KEG,KEG,24T,93505.82,KBL NBO F20 - KAKAMEGA 14T KEG,782.4,0.8372093023255814,92723.42000000001,11851.152862985688
NBO F24. KANGARI 147 KEG,KEG,24T,23955.38,KBL NBO F20 - KANGARI 14T Keg,803.45,0.8292682926829268,23151.93,2881.5645030804653
NBO F24 - KAPSABET 14T KEG,KEG,14T,99654.22,KBL NBO F20 - Kapsabet 14T KEG,212.94,0.8837209302325582,99441.28,46699.20165304781
KELNGO F24- KARATINA 141 KEG,KEG,24T,34204.95,KBL NBO F20 - KARATINA 14T KEG,262.19,0.8260869565217391,33942.759999999995,12945.863686639459
NGO F24- KERUGOYA 147 KEG,KEG,24T,53571.37,KBL NBO F20 - Kerugoya 14T KEG,370.78,0.7906976744186046,53200.590000000004,14348.29009115918
NBO F24 - KIAMBU 14T KEG,KEG,14T,14291.71,KBL NBO F20 - Kiambu 14T KEG,942.56,0.8717948717948718,13349.15,1416.2652775420133
NBO F24. KIANYAGA 147 KEG,KEG,24T,34625.57,KBL NBO F20 - Kianyaga 14T KEG,691.4,0.8372093023255814,33934.17,4908.037315591553
KBLNBO F24- KIBWEZI 147 KEG,KEG,24T,50695.83,KBL NBO F20 - KIBWEZI 14T Keg,89.62,0.9090909090909091,50606.21,56467.54072751618
KOLNGO F24- KIKUYU 147 KEG,KEG,24T,12558.03,KBL NBO F20 - Kikuyu 14T KEG,174.12,0.8095238095238095,12383.91,7112.284631288766
NOG F24- KILIFI 147 KEG,KEG,24T,124616.34,KBL NBO F20 - KILIFI 14T Keg,12.16,0.7692307692307693,124604.18,1024705.4276315789
NGO F24- KINAMBA 14T KEG,KEG,14T,60508.92,KBL NBO F20 - KINAMBA 14T KEG,102.98,0.8292682926829268,60405.939999999995,58657.93357933578
XBLNBO F24- KISII 147 KEG,KEG,24T,73963.47,KBL NBO F20 - KISII 14T KEG,525.25,0.85,73438.22,13981.574488338887
NGO F24 - KISUMU 44T KEG,KEG,44T,85269.54,KBL NBO F20 - Kisumu 14T KEG,56.67,0.7692307692307693,85212.87,150366.80783483322
NNO F24- KITAUE 147 KEG,KEG,24T,92262.83,KBL NBO F20 - KITALE 14T KEG,709.73,0.717948717948718,91553.1,12899.70833979119
NGO F24. KITENGELA 147 KEG,KEG,24T,21274.12,KBL NBO F20 - Kitengela 14T KEG,965.43,0.8,20308.69,2103.5901101063773
KBLNBO F24.LIMURU 147 KEG,KEG,24T,15704.85,KBL NBO F20 - LIMURU 14T Keg,384.54,0.9047619047619048,15320.31,3984.0614760493054
KBLNBO F24- MACHAKOS 17 KEG,KEG,24T,25708.02,KBL NBO F20 - MACHAKOS 14T KEG,591.86,0.8888888888888888,25116.16,4243.598148210725
NBO F24 - MARIMANTI 14T KEG,KEG,14T,53854.7,KBL NBO F20 - Marimanti 14T KEG,312.96,0.8888888888888888,53541.74,17108.173568507158
NGO F24. MARSABIT 147 KEG,KEG,24T,124214.15,KBL NBO F20 - MARSABIT 14T Keg,582.95,0.7906976744186046,123631.2,21207.856591474396
INDO F24- MERU 307 KEG,KEG,24T,56983.45,KBL NBO F20 - MERU 30T KEG,23.48,0.7222222222222222,56959.969999999994,242589.3100511073
KBLNGO F24 - MLOLONGO 147 KEG,KEG,24T,16662.65,KBL NBO F20 - MLOLONGO 14T KEG,565.97,0.8695652173913043,16096.680000000002,2844.087142428044
NBO F24- MURANGA 147 KEG,KEG,24T,24556.83,KBL NBO F20 - MURANGA 14T Keg,417.16,0.8292682926829268,24139.670000000002,5786.669383449996
LNA F24- MUTOMO 147 KEG,KEG,24T,52503.83,KBL NBO F20 - MUTOMO 14T KEG,934.52,0.7692307692307693,51569.310000000005,5518.267131789582
KBLNBO F24 MWATATE LAT KEG,KEG,14T,85626.8,KBL NBO F20 - MWATATE 14T Keg,627.8,0.8636363636363636,84999.0,13539.184453647658
KBLNBO F24 . MWEA 141 KEG,KEG,24T,27648.4,KBL NBO F20 - MWEA 14T Keg,571.83,0.8947368421052632,27076.57,4735.073360963923
KBLINGO F24- MWIKIL4T KEG,KEG,5T,19175.45,KBL NBO F20 - Mwiki 14T KEG,925.97,0.8292682926829268,18249.48,1970.850027538689
NGO F24. MWINGI 14T KEG,KEG,14T,36427.58,KBL NBO F20 - MWINGI 14T KEG,571.01,0.8205128205128205,35856.57,6279.49948337157
KBLNO F24 - NAKURU 14T KEG,KEG,14T,43740.53,KBL NBO F20 - NAKURU 14T Keg,992.38,0.926829268292683,42748.15,4307.63921078619
KBLNBO F24- NANYUKII4Y KEG,KEG,24T,57869.95,KBL NBO F20 - NANYUKI 14T KEG,410.16,0.8636363636363636,57459.78999999999,14009.115954749364
NBO F24- NGONG 147 KEG,KEG,24T,20046.75,KBL NBO F20 - NGONG 14T KEG,815.06,0.8108108108108109,19231.69,2359.5428557406817
KBLNGO F24- NIORO 14T KEG,KEG,14T,47946.77,KBL NBO F20 - Njoro 14T KEG,284.46,0.85,47662.31,16755.36455037615
KELNGO F24. NKUBU 14T KEG,KEG,14T,62585.37,KBL NBO F20 - NKUBU 14T KEG,782.02,0.85,61803.350000000006,7903.03956420552
NGO F24- NAB JERICHO 147 KEG,KEG,24T,13538.63,KBL NBO F20 - NRB JERICHO 14T Keg,174.12,0.7659574468085106,13364.509999999998,7675.459453250631
NGO F24 - NAB NASRA 147 KEG,KEG,24T,11646.17,KBL NBO F20 - NRB NASRA 14T Keg,243.03,0.7441860465116279,11403.14,4692.070937744311
XBLNGO F24- NYAHURURU 147 KEG,KEG,24T,44098.5,KBL NBO F20 - NYAHURURU 14T KEG,357.48,0.8333333333333334,43741.02,12235.934877475662
KBLNBO F24- NVYAMBARE 141 KEG,KEG,24T,17656.33,KBL NBO F20 - NYAMBARE 14T Keg,579.93,0.8936170212765957,17076.4,2944.562274757299
NGO F24- NYERI 147 KEG,KEG,24T,49358.77,KBL NBO F20 - NYERI 14T KEG,312.01,0.7567567567567568,49046.759999999995,15719.611550911828
NBO F24- OTHAYA 147 KEG,KEG,24T,38920.08,KBL NBO F20 - Othaya 14T KEG,73.55,0.8205128205128205,38846.53,52816.49218218898
KBLNGO F24. PIPELINE 14T KEG,KEG,14T,23530.63,KBL NBO F20 - PIPELINE 14T Keg,174.12,0.9130434782608695,23356.510000000002,13414.030553641169
KBLNSO F24. RUIRU 147 KEG,KEG,24T,19268.62,KBL NBO F20 - RUIRU 14T KEG,21.04,0.85,19247.579999999998,91480.89353612166
NGO F24- SAMBUAU 14T KEG,KEG,14T,99547.04,KBL NBO F20 - SAMBURU 14T Keg,293.53,0.7804878048780488,99253.51,33813.75327905155
NGO F24- THIKA 147 KEG,KEG,24T,17495.08,KBL NBO F20 - THIKA 14T KEG,211.31,0.7567567567567568,17283.77,8179.343145142208
KBLNNO F24- UKUNDA 147 KEG,KEG,24T,123205.7,KBL NBO F20 - UKUNDA 14T Keg,509.93,0.8571428571428571,122695.77,24061.296648559608
NBO F24 - VOI 1AT KEG,KEG,24T,51583.91,KBL NBO F20 - VOI 14T KEG,125.92,0.7878787878787878,51457.990000000005,40865.62102922491
KBLINBO F24. WOTE 14T KEG,KEG,14T,31660.43,KBL NBO F20 - WOTE 14T Keg,640.65,0.9230769230769231,31019.78,4841.923046905486
NBO F24 - WUNDANYVI 14T KEG,KEG,14T,90035.72,KBL NBO F20 - WUNDANYI 14T Keg,207.16,0.8636363636363636,89828.56,43361.92315118749
NBO F24 - BOMET 307 KEG,KEG,24T,91472.22,KBL NBO F20 - BOMET 30T KEG,729.92,0.8108108108108109,90742.3,12431.814445418677
NBO F24 . BUNGOMA 30T KEG,KEG,30T,159262.92,KBL NBO F20 - BUNGOMA 30T KEG,145.13,0.8780487804878049,159117.79,109638.11065940882
KBLNBO F24- DURUBURU 307 KEG,KEG,24T,20148.07,KBL NBO F20 - BURUBURU 30T Keg,918.44,0.8695652173913043,19229.63,2093.7274073428857
NSO F24. CHANGAMWE 30T KEG,KEG,30T,103918.95,KBL NBO F20 - Changamwe 30T KEG,358.11,0.8444444444444444,103560.84,28918.72329731088
F24. CHUKA 407 KEG,KEG,24T,73434.94,KBL NBO F20 - Chuka 14T KEG,286.35,0.6470588235294118,73148.59,25545.168500087304
NBO F24- DANOORA 30T KEG,KEG,30T,17044.56,KBL NBO F20 - Dandora 30T KEG,51.59,0.8292682926829268,16992.97,32938.49583252568
KBLNAO F24 - DONYO 30T KEG,KEG,30T,33213.38,KBL NBO F20 - Donyo 30T KEG,250.39,0.9,32962.99,13164.659131754463
NBO F24 - EMALI 430T KEG,KEG,44T,44499.46,KBL NBO F20 - EMALI 30T KEG,766.8,0.8421052631578947,43732.659999999996,5703.268127282212
NBO F24 - EMBU 30T KEG,KEG,30T,37824.0,KBL NBO F20 - EMBU 30T KEG,26.67,0.8571428571428571,37797.33,141722.272215973
NBO F24 - GITHURAI30T KEG,KEG,30T,20148.07,KBL NBO F20 - GITHURAI 30T Keg,918.44,0.8837209302325582,19229.63,2093.7274073428857
NBO F24 - KAGIO 30T KEG,KEG,30T,46688.0,KBL NBO F20 - Kagio 30T KEG,273.1,0.8648648648648649,46414.9,16995.56938850238
NBO F24 - KANGEMA SOT KEG,KEG,24T,44976.17,KBL NBO F20 - Kangema 14T KEG,682.83,0.7804878048780488,44293.34,6486.730225678426
NBO F24 - KAPSABET 30T KEG,KEG,30T,125744.63,KBL NBO F20 - Kapsabet 30T KEG,315.67,0.8837209302325582,125428.96,39734.20344030158
NBO F24 - KARATINA 307 ki KEG,KEG,24T,58504.35,KBL NBO F20 - KARATINA 30T KEG,57.5,0.8,58446.85,101646.69565217392
NBO F24 - KERICHO 307 KEG,KEG,24T,104799.17,KBL NBO F20 - KERICHO 30T KEG,978.2,0.8292682926829268,103820.97,10613.470660396646
NBO F24 - KEMUGOYA KEG,KEG,24T,41486.87,KBL NBO F20 - Kerugoya 14T KEG,370.78,0.75,41116.090000000004,11089.079777765792
NO F24 - KIAMBU 30T KEG,KEG,30T,17251.26,KBL NBO F20 - Kiambu 30T KEG,918.44,0.8421052631578947,16332.819999999998,1778.3219371978569
NBO F24 - KIANYAGA 30T KEG,KEG,30T,56071.17,KBL NBO F20 - Kianyaga 30T KEG,574.66,0.8837209302325582,55496.509999999995,9657.277346604948
NGO F24 - KIBERA JOT KEG,KEG,24T,20146.07,KBL NBO F20 - Kibera 14T KEG,174.12,0.717948717948718,19971.95,11470.22168619343
NBO F24 - KIBWEZI30T KEG,KEG,30T,80510.65,KBL NBO F20 - KIBWEZI 30T Keg,331.29,0.8780487804878049,80179.36,24202.16728545987
NBO F24 - KIKUYU 307 KEG,KEG,24T,26658.37,KBL NBO F20 - Kikuyu 30T KEG,561.6,0.8205128205128205,26096.77,4646.860754985755
NBO F24 - KINAMBA 30T KEG,KEG,30T,96956.15,KBL NBO F20 - KINAMBA 30T KEG,291.99,0.8780487804878049,96664.15999999999,33105.29812664817
NAO F24 - KIAITIU BOT KEG,KEG,24T,58148.03,KBL NBO F20 - KIRITIRI 14T Keg,558.72,0.6190476190476191,57589.31,10307.365048682703
NBO F24 - KISH 30T KEG,KEG,30T,219237.53,KBL NBO F20 - KISII 30T KEG,409.7,0.7777777777777778,218827.83,53411.723212106415
NBO F24 - KISUMU 30T KEG,KEG,30T,136340.26,KBL NBO F20 - Kisumu 30T KEG,279.26,0.8717948717948718,136061.0,48721.97951729571
NBO F24 - KITALE JOT KEG,KEG,24T,92715.22,KBL NBO F20 - KITALE 14T KEG,709.73,0.7692307692307693,92005.49,12963.44948078847
NBO F24 - KITENGELA 30T KEG,KEG,30T,28117.98,KBL NBO F20 - Kitengela 30T KEG,51.0,0.8888888888888888,28066.98,55033.29411764706
NBO F24 - KITHYUKO 30T KEG,KEG,30T,58325.43,KBL NBO F20 - KITHYUKO 30T KEG,874.92,0.8837209302325582,57450.51,6566.37292552462
NBO F24 - LIMUAU 30T KEG,KEG,30T,23743.62,KBL NBO F20 - LIMURU 30T Keg,587.37,0.8205128205128205,23156.25,3942.3617140814135
NBO F24 - MACHAK T KEG,KEG,24T,35042.89,KBL NBO F20 - MACHAKOS 14T KEG,591.86,0.7692307692307693,34451.03,5820.807285506708
NBO F24 - MARSABIT 30T KEG,KEG,30T,200376.83,KBL NBO F20 - MARSABIT 30T KEG,43.35,0.8837209302325582,200333.47999999998,462130.28835063434
NBO F24 - MATHARE JOT KEG,KEG,24T,20148.07,KBL NBO F20 - MATHARE 14T Keg,174.12,0.7804878048780488,19973.95,11471.370319320009
NOO F24- MATUU 30T KEG,KEG,30T,45618.81,KBL NBO F20 - MATUU 30T KEG,908.99,0.8108108108108109,44709.82,4918.626167504593
KBLNBO F24 - MLOLONGO 30T KEG,KEG,30T,21681.46,KBL NBO F20 - MLOLONGO 30T Keg,483.13,0.9565217391304348,21198.329999999998,4387.707242357129
KBLNBO F24 - MWATATE 307 KEG,KEG,24T,137243.0,KBL NBO F20 - MWATATE 30T Keg,905.86,0.9090909090909091,136337.14,15050.575144061997
NBO F24 - NAIVASHA 30T KEG,KEG,30T,39301.83,KBL NBO F20 - NAIVASHA 30T KEG,259.01,0.8837209302325582,39042.82,15073.865873904484
NBO F24 - NAKURU 30T KEG,KEG,30T,70194.24,KBL NBO F20 - NAKURU 30T Keg,985.96,0.8717948717948718,69208.28,7019.38009655564
NBO F24 . NANYUKISOT KEG,KEG,24T,80494.63,KBL NBO F20 - NANYUKI 14T KEG,410.16,0.7804878048780488,80084.47,19525.17797932514
NBO F274 - NAROK JOT KEG,KEG,30T,63561.67,KBL NBO F20 - NAROK 14T KEG,914.91,0.7368421052631579,62646.759999999995,6847.313943447989
KBLNBO F24 - NGARA 30T KEG,KEG,30T,20145.07,KBL NBO F20 - Ngara 30T KEG,918.44,0.95,19226.63,2093.400766517138
NBO F24 - NIORO 30T KEG,KEG,30T,69458.31,KBL NBO F20 - Njoro 30T KEG,110.11,0.8108108108108109,69348.2,62980.83734447371
NBO F24 - NKUBU 30T KEG,KEG,30T,87422.96,KBL NBO F20 - NKUBU 30T KEG,566.29,0.8648648648648649,86856.67000000001,15337.842801391516
NBO F24- Niu CITY CENT 30T KEG,KEG,30T,20148.07,KBL NBO F20 - NRB CITY CENT 30T Keg,918.44,0.8163265306122449,19229.63,2093.7274073428857
KBLNBO F24 - NRB JERICHO 307 KEG,KEG,24T,20145.07,KBL NBO F20 - NRB JERICHO 30T Keg,918.44,0.92,19226.63,2093.400766517138
NBO F24 - NYAMBARE 30T KEG,KEG,30T,27851.79,KBL NBO F20 - NYAMBARE 30T Keg,779.38,0.8837209302325582,27072.41,3473.582847904745
NBO F24 - NYERI SOT KEG,KEG,24T,60335.85,KBL NBO F20 - NYERI 14T KEG,312.01,0.7567567567567568,60023.84,19237.7936604596
KBLINGO F24 - PIPELINE 30T KEG,KEG,30T,20148.07,KBL NBO F20 - PIPELINE 30T Keg,918.44,0.8936170212765957,19229.63,2093.7274073428857
KBLNBO F24 - RUIAU 30T KEG,KEG,30T,20143.07,KBL NBO F20 - RUIRU 30T KEG,918.44,0.9,19224.63,2093.183005966639
NBO F24- RUNYENIES SOT KEG,KEG,24T,796.26,KBL NBO F20 - RUNYENJES 14T Keg,841.89,0.7555555555555555,45.629999999999995,5.4199479742009045
MOO F24 - URI MOYO 40T KEG,KEG,40T,20148.07,KBL NBO F20 - Shauri Moyo 14T KEG,41.1,0.6818181818181818,20106.97,48922.06812652069
NGO F24 - TALA 307 KEG,KEG,24T,46072.62,KBL NBO F20 - TALA 30T Keg,372.06,0.7428571428571429,45700.560000000005,12283.115626511853
NGO F24 - UKUNDA 30T KEG,KEG,30T,142385.0,KBL NBO F20 - UKUNDA 30T Keg,262.32,0.8205128205128205,142122.68,54179.124733150355
NBO F24 - WUNDANYI SOT KEG,KEG,24T,144936.43,KBL NBO F20 - WUNDANYI 14T Keg,207.16,0.7906976744186046,144729.27,69863.52094999034
NGO F24 - BABA DOGO 7.5ST KEG,KEG,24T,10186.3,KBL NBO F20 - Baba Dogo 7.5T KEG,753.36,0.8181818181818182,9432.939999999999,1252.1158543060421
NBO F24 - BOMET 7.5T KEG,KEG,7.5T,43715.24,KBL NBO F20 - BOMET 7.5T KEG,966.58,0.8648648648648649,42748.659999999996,4422.671687806493
NGO F24 - WUNGOMA 7.5T KEG,KEG,7.5T,74961.41,KBL NBO F20 - BUNGOMA 7.5T KEG,442.63,0.7804878048780488,74518.78,16835.4562501412
INDO F24- CHUKA 7.5T KEG,KEG,7.5T,32994.09,KBL NBO F20 - Chuka 7.5T KEG,26.62,0.7894736842105263,32967.469999999994,123844.74079639367
NBO F24- ELOORET 7.5T KEG,KEG,7.5T,7.57,KBL NBO F20 - ELDORET 7.5T KEG,535.5,0.8292682926829268,527.93,98.58636788048551
NBO F24- EMBU 7.57 KEG,KEG,24T,7.57,KBL NBO F20 - EMBU 7.5T KEG,225.45,0.8,217.88,96.6422710135285
NBO F24- GILGIL7.ST KEG,KEG,24T,20003.96,KBL NBO F20 - GILGIL 7.5T Keg,16.29,0.8205128205128205,19987.67,122699.01780233272
NBO F24 - GITHURAI7.5T KEG,KEG,7.5T,14505.34,KBL NBO F20 - Githurai 7.5T KEG,160.52,0.8837209302325582,14344.82,8936.468975828557
NBO F24- HOLA 7 5T KEG,KEG,5T,55889.72,KBL NBO F20 - Hola 7.5T KEG,74.1,0.8571428571428571,55815.62,75324.72334682861
NBO F24- IKUTMA 7.5T KEG,KEG,7.5T,45418.82,KBL NBO F20 - IKUTHA 7.5T Keg,379.96,0.8205128205128205,45038.86,11853.579324139384
NBO F24 - JUJA 7.5T KEG,KEG,7.5T,7.57,KBL NBO F20 - Juja 7.5T KEG,148.77,0.8571428571428571,141.20000000000002,94.91160852322378
NBO F24- KAGATI 7.5T KEG,KEG,7.5T,15777.51,KBL NBO F20 - KABATI 7.5T KEG,458.69,0.8205128205128205,15318.82,3339.6891146525973
NBO F24 - KAGIO 7.5T KEG,KEG,7.5T,7.51,KBL NBO F20 - Kagio 7.5T KEG,745.79,0.8648648648648649,738.28,98.99301411925609
NBO F24- KAHURO 7.51 KEG,KEG,24T,19587.71,KBL NBO F20 - Kahuro 7.5T KEG,567.47,0.8205128205128205,19020.239999999998,3351.7613265899513
NAO F24- PST REG KEG,KEG,24T,22819.94,KBL NBO F20 - VOI 14T KEG,125.92,0.5454545454545454,22694.02,18022.56988564168
NBO F24 - KAPSADET 7.5T KEG,KEG,7.5T,7.51,KBL NBO F20 - Kapsabet 7.5T KEG,219.17,0.8372093023255814,211.66,96.57343614545788
NBO F24. KARATINA 7.57 KEG,KEG,24T,26688.93,KBL NBO F20 - KARATINA 7.5T KEG,592.78,0.8372093023255814,26096.15,4402.333074665137
NAO F24- KAWANGWARE 7.5T KEG,KEG,7.5T,11166.3,KBL NBO F20 - KAWANGWARE 7.5T Keg,753.36,0.851063829787234,10412.939999999999,1382.1997451417649
NBO F24- KERUGOYA 7.57 KEG,KEG,24T,25765.0,KBL NBO F20 - Kerugoya 7.5T KEG,950.0,0.8372093023255814,24815.0,2612.105263157895
NBO F24 - KIBWEZI7.5T KEG,KEG,7.5T,38755.14,KBL NBO F20 - KIBWEZI 7.5T Keg,905.25,0.8780487804878049,37849.89,4181.1532725766365
NBO F24 . KIKUYU 7.57 KEG,KEG,24T,7.87,KBL NBO F20 - Kikuyu 7.5T KEG,753.36,0.8205128205128205,745.49,98.95534671339068
NBO F24- KHMUTINN ST KEG,KEG,24T,7.51,KBL NBO F20 - KARATINA 14T KEG,262.19,0.6190476190476191,254.68,97.13566497578093
NGO F24- KISHI 7.5T KEG,KEG,7.5T,6396.98,KBL NBO F20 - KISII 7.5T KEG,907.05,0.7567567567567568,5489.929999999999,605.2510886941183
NBO F24- KISUMU 7.5T KEG,KEG,7.5T,7.51,KBL NBO F20 - Kisumu 7.5T KEG,845.47,0.8717948717948718,837.96,99.1117366671792
NOO F24 - KITENGELA 7.57 KEG,KEG,24T,14286.39,KBL NBO F20 - Kitengela 7.5T KEG,375.91,0.8,13910.48,3700.481498230959
NBO F24- MACHAKOS 7.51 KEG,KEG,24T,17327.55,KBL NBO F20 - MACHAKOS 7.5T KEG,40.35,0.8372093023255814,17287.2,42843.12267657992
KGLNBO F24- MATUU 7.57 KEG,KEG,24T,22546.86,KBL NBO F20 - MATUU 7.5T KEG,366.18,0.85,22180.68,6057.316074061937
NBO F24- MAUA 7.ST KEG,KEG,24T,44507.88,KBL NBO F20 - MAUA 7.5T KEG,293.25,0.8,44214.63,15077.452685421995
NBO F24- MWEA 7.57 KEG,KEG,24T,19448.21,KBL NBO F20 - MWEA 7.5T Keg,409.3,0.8,19038.91,4651.578304422184
NBO F24 - MWIKI7 STKEG,KEG,24T,14342.83,KBL NBO F20 - Mwiki 7.5T KEG,994.72,0.8108108108108109,13348.11,1341.8962119993566
NAO F24 - NAXURU 7.5T KEG,KEG,7.5T,33459.1,KBL NBO F20 - NAKURU 7.5T Keg,501.12,0.7692307692307693,32957.979999999996,6576.863825031927
NBO F24 - NGONG 7.51 KEG,KEG,24T,11538.22,KBL NBO F20 - NGONG 7.5T KEG,442.2,0.8108108108108109,11096.019999999999,2509.2763455450017
NBO F24 - NIDRO 75ST KEG,KEG,24T,36559.17,KBL NBO F20 - NAROK 7.5T Keg,495.96,0.7368421052631579,36063.21,7271.394870554077
NBO F24 - NAG CITY CENT 7.57 KEG,KEG,24T,10186.3,KBL NBO F20 - NRB CITY CENT 7.5T Keg,753.36,0.7755102040816326,9432.939999999999,1252.1158543060421
NBO F24 - NAB JERICHO 7.57 KEG,KEG,24T,11166.3,KBL NBO F20 - NRB JERICHO 7.5T Keg,753.36,0.8085106382978723,10412.939999999999,1382.1997451417649
NBO F24- NYERU7.ST KEG,KEG,24T,29640.09,KBL NBO F20 - NYERI 7.5T KEG,904.17,0.7567567567567568,28735.920000000002,3178.1545505823024
NBO F24 - OTHAYA 7.5T KEG,KEG,7.5T,26998.93,KBL NBO F20 - Othaya 7.5T KEG,909.12,0.8717948717948718,26089.81,2869.7872668074624
KBLNBO F24 - RUIRU 7.5T KEG,KEG,7.5T,10186.3,KBL NBO F20 - RUIRU 7.5T KEG,753.36,0.95,9432.939999999999,1252.1158543060421
F24- SHAUMI MOYO 7.5T KEG,KEG,7.5T,14238.18,KBL NBO F20 - Shauri Moyo 7.5T KEG,887.94,0.7727272727272727,13350.24,1503.5069937157916
F24 - TALA7.5T KEG,KEG,7.5T,7.57,KBL NBO F20 - TALA 7.5T Keg,571.8,0.75,564.2299999999999,98.67611052815668
NGO F24 - TAVETA7.ST KEG,KEG,24T,7.51,KBL NBO F20 - TAVETA 7.5T KEG,139.48,0.7692307692307693,131.97,94.61571551476915
NOD F24 - THIKA 7.5T KEG,KEG,7.5T,2.57,KBL NBO F20 - THIKA 7.5T KEG,682.99,0.8108108108108109,680.42,99.6237133779411
KBLNBO F24 - UTHIAU 7.5T KEG,KEG,7.5T,12345.63,KBL NBO F20 - Uthiru 7.5T KEG,956.76,0.9047619047619048,11388.869999999999,1190.35808353192
NGO F24 - KISUMU DEPOT JOT BEER,BEER,24T,107198.03,KBL NBO F20 - KISUMU DEPOT 30T BEER,744.93,0.7843137254901961,106453.1,14290.349428805393
NBG F24 - BUNGOMA 14 SPIRIT SPIRITS,SPIRITS,24T,100241.42,KBL NBO F20 - BUNGOMA 14T SPIRIT,646.35,0.7547169811320755,99595.06999999999,15408.845052989864
NBO F24- EMBU 147 SPIRIT SPIRITS,SPIRITS,24T,33293.2,KBL NBO F20 - EMBU 14T SPIRIT,331.84,0.75,32961.36,9932.90742526519
NBO F24 - KAKAMEGA 14T SPIRIT SPIRITS,SPIRITS,14T,93721.76,KBL NBO F20 - Kakamega 14T SPIRIT,993.63,0.7857142857142857,92728.12999999999,9332.259492970219
F24-KSPIITM ERALATSPIRITS,SPIRITS,24T,12765.64,F24 - BDC - KITALE - Spirits - 14T,177.05,0.6666666666666666,12588.59,7110.189212086981
NBO F24 - KITENGELA 147 SPIRIT SPIRITS,SPIRITS,24T,37735.96,KBL NBO F20 - KITENGELA 14T SPIRIT,865.26,0.7931034482758621,36870.7,4261.227839031042
NBO F24 - LAMU LAT SPIRIT SPIRITS,SPIRITS,14T,113747.85,KBL NBO F20 - LAMU 14T Spirit,199.13,0.6666666666666666,113548.72,57022.4074725054
NBO F24 - LODWAA 147 Spiltt SPIRITS,SPIRITS,24T,150801.05,KBL NBO F20 - LODWAR 14T SPIRIT,237.82,0.7307692307692307,150563.22999999998,63309.74266251786
NBO F24- LONOKTOK 147 SPIRIT SPIRITS,SPIRITS,24T,49035.02,KBL NBO F20 - LOITOKTOK 14T Spirit,354.1,0.7368421052631579,48680.92,13747.78876023722
F24- MA PI SPIRITS,SPIRITS,24T,11003.64,F24 - BDC - MAUA - Spirits - 14T,225.09,0.7058823529411765,10778.55,4788.551246168199
NBO F24 - MACHAKOS 147 SPIRIT SPIRITS,SPIRITS,24T,21415.77,KBL NBO F20 - MACHAKOS 14T SPIRIT,212.01,0.7857142857142857,21203.760000000002,10001.301825385595
NBO F24 . MAKONGENI 147 SPIRIT SPIRITS,SPIRITS,24T,16446.1,KBL NBO F20 - MAKONGENI 14T SPIRIT,140.92,0.7931034482758621,16305.179999999998,11570.5222821459
NRO F24- MARIAKAN14I1 SPIT SPIRITS,SPIRITS,24T,106719.39,KBL NBO F20 - MARIAKANI 14T Spirit,420.92,0.75,106298.47,25253.841585099308
NBO F24- MARSADIT 147 SPIRIT SPIRITS,SPIRITS,24T,125567.14,KBL NBO F20 - MARSABIT 14T SPIRIT,794.18,0.75,124772.96,15710.916920597347
NBO F24 - MAUA 147 SPIRIT SPIRITS,SPIRITS,24T,66045.28,KBL NBO F20 - MAUA 14T SPIRIT,752.33,0.75,65292.95,8678.764637858385
NBO F24- MEMORIAL i4T SPIRIT SPIRITS,SPIRITS,5T,11491.64,KBL NBO F20 - MEMORIAL 14T Spirit,385.35,0.75,11106.289999999999,2882.1305306863883
NBO F24- MERU 147 SPIRIT SPIRITS,SPIRITS,24T,49408.86,KBL NBO F20 - MERU 14T SPIRIT,378.32,0.75,49030.54,12960.070839500951
NhO f24- MOGONIO 447 sPinIT SPIRITS,SPIRITS,24T,55957.92,KBL NBO F20 - MOGOTIO 14T SPIRIT,459.1,0.6666666666666666,55498.82,12088.612502722717
NBO F24- MOMBASA 147 SPIRIT SPIRITS,SPIRITS,24T,117617.82,KBL NBO F20 - MOMBASA 14T SPIRIT,377.06,0.7777777777777778,117240.76000000001,31093.396276454678
NBO F24- MURANGA 147 SPIRIT SPIRITS,SPIRITS,24T,23783.02,KBL NBO F20 - MURANGA 14T SPIRIT,628.39,0.7777777777777778,23154.63,3684.7546905584118
NBO F24- MWEA 141 Spin SPIRITS,SPIRITS,24T,25875.4,KBL NBO F20 - MWEA 14T SPIRIT,783.06,0.7391304347826086,25092.34,3204.395576328762
NBO F24 - MWIKI 147 SPIRIT SPIRITS,SPIRITS,24T,11393.64,KBL NBO F20 - Mwiki 14T SPIRIT,385.35,0.76,11008.289999999999,2856.6991047100037
NBO F24 - NAIROBI THT 14 SPIRIT SPIRITS,SPIRITS,24T,9686.17,KBL NBO F20 - NAIROBI THT 14T Spirit,543.03,0.8135593220338984,9143.14,1683.726497615233
NBO F24 - NAKURU 147 SPIRIT SPIRITS,SPIRITS,24T,47967.54,KBL NBO F20 - NAKURU 14T SPIRIT,203.61,0.7692307692307693,47763.93,23458.538382201266
NDO F24-NAROK 447 SPIRIT SPIRITS,SPIRITS,24T,971.62,KBL NBO F20 - Narok 14T SPIRIT,126.14,0.68,845.48,670.2711273188521
NBO F24 - NGARA 14T SPIRIT SPIRITS,SPIRITS,14T,11393.64,KBL NBO F20 - NGARA 14T SPIRIT,385.35,0.76,11008.289999999999,2856.6991047100037
NOG F24 - NGONG 147 SPT SPIRITS,SPIRITS,24T,17584.0,KBL NBO F20 - Ngong 14T SPIRIT,302.04,0.7659574468085106,17281.96,5721.745464176929
NGO F24- NKUBU 147 SPIRIT SPIRITS,SPIRITS,24T,51744.08,KBL NBO F20 - NKUBU 14T SPIRIT,159.26,0.72,51584.82,32390.31771945247
NBO F24- INDUSTRIAL AREA 147 SPiuT SPIRITS,SPIRITS,24T,12765.64,KBL NBO F20 - INDUSTRIAL AREA 14T Spirit,385.35,0.835820895522388,12380.289999999999,3212.7390683793947
NBO F24. NYAHURURU 247 SPIRIT SPIRITS,SPIRITS,24T,48225.34,KBL NBO F20 - NYAHURURU 14T SPIRIT,568.71,0.7586206896551724,47656.63,8379.7770392643
F24- AONGAI14T SPIRIT SPIRITS,SPIRITS,14T,12627.32,KBL NBO F20 - RONGAI 14T SPIRIT,544.2,0.6530612244897959,12083.119999999999,2220.3454612274895
NHO F24- THIKA 147 SPIRIT SPIRITS,SPIRITS,24T,15331.45,KBL NBO F20 - THIKA 14T SPIRIT,3.52,0.72,15327.93,435452.5568181818
LNG F24- UTHIRU 147 SPIRIT SPIRITS,SPIRITS,24T,12765.64,KBL NBO F20 - UTHIRU 14T Spirit,385.35,0.7307692307692307,12380.289999999999,3212.7390683793947
NBO F24- WAJIR 247 SPIRIT SPIRITS,SPIRITS,24T,156334.2,KBL NBO F20 - WAJIR 14T Spirit,628.58,0.72,155705.62000000002,24771.01084985205
NBO F24- ATHIAIVER JOT SPIRIT SPIRITS,SPIRITS,24T,19865.52,KBL NBO F20 - ATHIRIVER 14T SPIRIT,503.43,0.6896551724137931,19362.09,3846.0342053512904
NBO F24- BUNGOMA 307 SPinuT SPIRITS,SPIRITS,24T,161595.04,KBL NBO F20 - BUNGOMA 30T SPIRIT,292.12,0.7777777777777778,161302.92,55218.03368478708
NBO F24 - QURUBUAU 30T SPIRIT SPIRITS,SPIRITS,30T,16856.8,KBL NBO F20 - BURUBURU 30T Spirit,65.43,0.7142857142857143,16791.37,25663.105609047834
NBO F24- DANDORA JOT sPIAIT SPIRITS,SPIRITS,24T,16856.6,KBL NBO F20 - Dandora 14T SPIRIT,385.35,0.7037037037037037,16471.25,4274.360970546256
NBO F24- DONYO 30T SPIRIT SPIRITS,SPIRITS,30T,33226.95,KBL NBO F20 - DONYO 30T Spirit,264.23,0.76,32962.719999999994,12475.010407599437
NBO F24- GIKOMBA 30T SPIRIT SPIRITS,SPIRITS,30T,15171.32,KBL NBO F20 - GIKOMBA 30T Spirit,65.43,0.7777777777777778,15105.89,23087.100718324924
NBO F24- ITEN 30T SPIRIT SPIRITS,SPIRITS,30T,135096.16,KBL NBO F20 - ITEN 30T SPIRIT,712.41,0.75,134383.75,18863.25992055137
NBO F24-JUJA JOT SPIRIT SPIRITS,SPIRITS,24T,17836.6,KBL NBO F20 - Juja 14T SPIRIT,921.86,0.6666666666666666,16914.739999999998,1834.8491094092378
F24- KABATI SOT SPIRIT SPIRITS,SPIRITS,24T,29736.12,F24 - BDC - KAGIO - Spirits - 14T,776.0,0.6521739130434783,28960.12,3731.9742268041236
NBO F24- KAGIO 30T SPIRIT SPIRITS,SPIRITS,30T,44640.65,KBL NBO F20 - KAGIO 30T Spirit,910.87,0.76,43729.78,4800.880476906694
NBO F24. KAHAWA 30T SPIRIT SPIRITS,SPIRITS,30T,14308.8,KBL NBO F20 - KAHAWA 30T Spirit,351.59,0.7692307692307693,13957.21,3969.7403225347707
NBO F24 - KAPSABET 307 SPIRIT SPIRITS,SPIRITS,24T,127501.41,KBL NBO F20 - Kapsabet 30T SPIRIT,462.67,0.7857142857142857,127038.74,27457.743099833573
NOO F24 - KAREN SOF sPiart SPIRITS,SPIRITS,24T,14308.89,KBL NBO F20 - KAREN 14T Spirit,664.33,0.64,13644.56,2053.882859422275
NBO F24 - KAWANGWARE 307 SPIRIT SPIRITS,SPIRITS,24T,16856.8,KBL NBO F20 - KAWANGWARE 30T Spirit,65.43,0.8,16791.37,25663.105609047834
NBO F24. KERICHO 307 SPIRIT SPIRITS,SPIRITS,24T,105610.69,KBL NBO F20 - KERICHO 30T Spirit,125.2,0.7777777777777778,105485.49,84253.58626198083
NGO F24 - KERUGOYA 307 SPIRIT SPIRITS,SPIRITS,24T,1622.32,KBL NBO F20 - KERUGOYA 30T SPIRIT,35.02,0.75,1587.3,4532.552826956025
NBO F24 - KIANYAGA SOT SPIRIT SPIRITS,SPIRITS,24T,47394.75,KBL NBO F20 - KIANYAGA 14T Spirit,902.63,0.7142857142857143,46492.12,5150.739505666774
NOG F24 - KINAMBA 30f SPIA SPIRITS,SPIRITS,24T,95138.21,KBL NBO F20 - KINAMBA 30T Spirit,438.99,0.7307692307692307,94699.22,21572.067700858788
NBO F24- KIS 30T SPIRIT SPIRITS,SPIRITS,30T,119753.56,KBL NBO F20 - KISII 30T SPIRIT,556.69,0.7083333333333334,119196.87,21411.713880256513
NBO F24 - KITENGELA SOY SPiny SPIRITS,SPIRITS,24T,20042.95,KBL NBO F20 - KITENGELA P/up Spirit,258.15,0.7368421052631579,19784.8,7664.071276389695
NAG F24 - KITHYUKO 407 SPIRIT SPIRITS,SPIRITS,24T,56509.48,F24 - BDC - KITHYUKO EB - Spirits - 14T,775.36,0.6785714285714286,55734.12,7188.160338423442
NBO F24 - LANGATA 307 SPIRIT SPIRITS,SPIRITS,24T,14696.0,KBL NBO F20 - LANGATA 30T Spirit,135.25,0.7777777777777778,14560.75,10765.804066543438
NNO F24 - LOITOXTOX SOT SPIRIT SPIRITS,SPIRITS,24T,65805.05,KBL NBO F20 - LOITOKTOK 14T Spirit,354.1,0.6206896551724138,65450.950000000004,18483.747528946624
NBO F24 - LOKICHOGIO 30T SPIRIT SPIRITS,SPIRITS,30T,311768.69,KBL NBO F20 - LOKICHOGIO 30T SPIRIT,784.64,0.8,310984.05,39633.978639885805
NBO F24 - MACHAKOS 307 SPIRIT SPIRITS,SPIRITS,24T,33226.95,KBL NBO F20 - MACHAKOS 30T SPIRIT,264.23,0.7857142857142857,32962.719999999994,12475.010407599437
NOO F24- MALINDI SOT spinir SPIRITS,SPIRITS,24T,217701.98,KBL NBO F20 - Malindi 14T SPIRIT,451.36,0.6666666666666666,217250.62000000002,48132.44859978731
LINGO F24 - TAVETA 307 SPIRIT SPIRITS,SPIRITS,24T,132167.59,KBL NBO F20 - TAVETA 30T SPIRIT,224.07,0.7407407407407407,131943.52,58884.95559423394
KBLNBO F24 . THIXA 30T SPIRIT SPIRITS,SPIRITS,30T,21610.93,KBL NBO F20 - THIKA 30T SPIRIT,411.15,0.7924528301886793,21199.78,5156.215493129028
NBO F24 - UTHIRU 30T SPIRIT SPIRITS,SPIRITS,30T,26856.4,KBL NBO F20 - UTHIRU 30T Spirit,65.43,0.7692307692307693,26790.97,40946.003362372
NBO F240 - WANR JOT SPIRIT SPIRITS,SPIRITS,24T,249322.93,KBL NBO F20 - Narok 30T SPIRIT,365.02,0.64,248957.91,68203.90937482877
NBO F24 - CHANGAMWE 7 5ST SPIRIT SPIRITS,SPIRITS,24T,66284.39,KBL NBO F20 - Changamwe 7.5T SPIRIT,404.48,0.7796610169491526,65879.91,16287.556863132912
NBO F24 - DANDORA 7.5T SPIRIT SPIRITS,SPIRITS,7.5T,7.81,KBL NBO F20 - Dandora 7.5T SPIRIT,11.47,0.7777777777777778,3.660000000000001,31.909328683522237
NBO F24 - DONYO 7.ST SPIRIT SPIRITS,SPIRITS,24T,16856.57,KBL NBO F20 - DONYO 7.5T Spirit,270.27,0.72,16586.3,6136.937136937137
NBO F24 - EMALI 7.57 SPIRIT SPIRITS,SPIRITS,24T,2.57,KBL NBO F20 - EMALI 7.5T SPIRIT,929.88,0.76,927.31,99.72362025207553
NOG F24- EMBAKASI 7.51 SPIT SPIRITS,SPIRITS,24T,2.57,KBL NBO F20 - EMBAKASI 7.5T Spirit,983.28,0.7777777777777778,980.7099999999999,99.73862989179074
NGO F24- EMBU 7.57 SPIRIT SPIRITS,SPIRITS,24T,7.57,KBL NBO F20 - EMBU 7.5T SPIRIT,455.37,0.7083333333333334,447.8,98.33761556536443
NBO F24 - GIKOMBA 7.57 SPIRIT SPIRITS,SPIRITS,24T,9285.62,KBL NBO F20 - GIKOMBA 7.5T Spirit,983.28,0.7777777777777778,8302.34,844.3515580506063
NBO F24 . GILGIL 7.57 SPIRIT SPIRITS,SPIRITS,24T,26349.28,KBL NBO F20 - GILGIL 7.5T SPIRIT,246.21,0.7692307692307693,26103.07,10601.95361683116
NBO F24 - HURUMA 7.57 SPIRIT SPIRITS,SPIRITS,24T,7.51,KBL NBO F20 - HURUMA 7.5T Spirit,983.28,0.7692307692307693,975.77,99.2362297616142
NBO F24 - ISIOLO 7ST SPIRIT SPIRITS,SPIRITS,24T,50999.31,KBL NBO F20 - ISIOLO 7.5T SPIRIT,399.3,0.7307692307692307,50600.009999999995,12672.178812922613
NBO F24 - KAHAWA7.ST SPIRIT SPIRITS,SPIRITS,24T,9235.62,KBL NBO F20 - KAHAWA 7.5T Spirit,983.28,0.7307692307692307,8252.34,839.2665364901146
NBO F24 - KAKAMEGA 7.57 SPIRIT SPIRITS,SPIRITS,24T,93566.56,KBL NBO F20 - Kakamega 7.5T SPIRIT,835.27,0.7857142857142857,92731.29,11101.953859231146
NAO F274 - ABET 7 5T SPIRIT SPIRITS,SPIRITS,5T,7.57,KBL NBO F20 - KABARNET 7.5T SPIRIT,760.0,0.6415094339622641,752.43,99.00394736842104
NBO F246 - KAWANGWARE 7.57 SPIRIT SPIRITS,SPIRITS,24T,9235.62,KBL NBO F20 - KAWANGWARE 7.5T Spirit,983.28,0.7868852459016393,8252.34,839.2665364901146
NBO F24 - KERICHO 7.5T SPIRIT SPIRITS,SPIRITS,7.5T,44244.63,KBL NBO F20 - KERICHO 7.5T SPIRIT,523.17,0.7777777777777778,43721.46,8357.027352485808
NBO F24 - KIBERA 7.57 SPIRIT SPIRITS,SPIRITS,24T,10411.62,KBL NBO F20 - Kibera 7.5T SPIRIT,983.28,0.7692307692307693,9428.34,958.8662435928729
NBO F24- KiSUMU AYOTI7.ST SPIRIT SPIRITS,SPIRITS,24T,7.57,KBL NBO F20 - KISUMU AYOTI 7.5T Spirit,75.39,0.7741935483870968,67.82,89.95888048812839
NBO F24- KITALE 7.57 SPIRIT SPIRITS,SPIRITS,24T,74502.01,KBL NBO F20 - Kitale 7.5T SPIRIT,402.05,0.7692307692307693,74099.95999999999,18430.533515731873
NBO F24 - MAB 7.ST SPIRIT SPIRITS,SPIRITS,24T,9235.62,KBL NBO F20 - MAB 7.5T Spirit,983.28,0.6956521739130435,8252.34,839.2665364901146
NBG F24- MUTOMO 7.57 SPIRIT SPIRITS,SPIRITS,24T,39877.48,KBL NBO F20 - MUTOMO 7.5T SPIRIT,50.49,0.7307692307692307,39826.990000000005,78880.9467221232
NBO F24 - NAKURU 7.57 SPIRIT SPIRITS,SPIRITS,24T,52704.42,KBL NBO F20 - NAKURU 7.5T SPIRIT,731.04,0.7692307692307693,51973.38,7109.5124753775435
NBO F24 - THIKA 7.57 SPIRIT SPIRITS,SPIRITS,24T,7.57,KBL NBO F20 - THIKA 7.5T SPIRIT,912.91,0.76,905.3399999999999,99.17078353835537
F24-KSM-ATHIA-I BVEEERR - 147 BEER,BEER,24T,80255.53,KBL NBO F20 - ATHIRIVER 14T BEER,656.19,0.6274509803921569,79599.34,12130.532315335497
F24-KSM-BOMET- BEER,BEER,24T,31473.83,F24 -BDC -BOMET - Beer - 14T,427.29,0.7272727272727273,31046.54,7265.917760771373
KOUKSM F24- BURUGURU 147 BEER,BEER,24T,77224.3,KBL NBO F20 - Buruburu 14T BEER,742.53,0.7083333333333334,76481.77,10300.158916138069
KNLKSM F20- DUSIA 147 BEER,BEER,20T,33690.95,KBL NBO F20 - BUSIA 14T BEER,349.58,0.7142857142857143,33341.369999999995,9537.550775215972
KSM F24. ELOORET 147 BEER,BEER,24T,30603.94,KBL NBO F20 - ELDORET 14T BEER,990.52,0.6976744186046512,29613.42,2989.6842062754913
F24-KSM -EMALI- BEER,BEER,24T,99157.61,F24 -BDC -EMALI - Beer - 14T,163.12,0.7272727272727273,98994.49,60688.13756743503
F24-KSM-GAT-U NBEDEUR 147 BEER,BEER,24T,74316.53,KBL NBO F20 - GATUNDU 14T BEER,458.86,0.6382978723404256,73857.67,16095.90506908425
KSM F24- KISII 147 BEER,BEER,24T,33031.4,KBL NBO F20 - KISII 14T BEER,462.18,0.717948717948718,32569.22,7046.869185165953
KOLKSM F24- KISUMU 347 BEER,BEER,24T,10764.17,KBL NBO F20 - KISUMU 14T Beer,125.58,0.6818181818181818,10638.59,8471.563943303074
KSM F24- KISUMU AYOTI 147 BEER,BEER,24T,11744.17,KBL NBO F20 - KISUMU AYOTI 14T BEER,993.59,0.7843137254901961,10750.58,1081.9935788403666
F24-KSM-LIMURU-BEER,BEER,24T,64192.45,F24 -BDC -LIMURU - Beer - 14T,352.19,0.7428571428571429,63840.259999999995,18126.65322695136
F24 -KSM -LOKICHOGIO - BEER,BEER,24T,141386.2,F24 -BDC -LOKICHOGIO - Beer - 14T,959.39,0.7906976744186046,140426.81,14637.093361406727
F24 -KSM -MACHAKOS - GEER- 141 BEER,BEER,24T,78835.62,F24 -BDC -MACHAKOS - Beer - 14T,6.42,0.6956521739130435,78829.2,1227869.1588785045
F24-KSM -NAIROGITHT - OEEN- 141 BEER,BEER,24T,74192.82,KBL NBO F20 - NAIROBI THT 14T Beer,243.03,0.6415094339622641,73949.79000000001,30428.255770892487
F24 0KSM-NANYUKI. BEER,BEER,24T,81908.93,F24 -BDC -NANYUKI - Beer - 14T,553.32,0.7368421052631579,81355.60999999999,14703.175377719941
F24 -KSM-NAROK - BEER,BEER,24T,47107.36,F24 -BDC -NAROK - Beer - 14T,662.16,0.7272727272727273,46445.2,7014.195964721517
F24 .KSM-NGONG. BEER,BEER,24T,74316.53,F24 -BDC -NGONG - Beer - 14T,608.18,0.7272727272727273,73708.35,12119.495872932357
F24 -KSM -RUIRU - BEER,BEER,24T,81541.51,F24 -BDC -RUIRU - Beer - 14T,795.64,0.7272727272727273,80745.87,10148.543311045196
F24 -KSM -BURUBUAU - DELN-30T BEER,BEER,30T,121213.76,KBL NBO F20 - Buruburu 30T BEER,441.67,0.6530612244897959,120772.09,27344.417777979033
KBLKSM F24-DAGORETTICOANER JOT BEER,BEER,24T,115487.27,KBL NBO F20 - DAGORETTI CORNER 14T Beer,111.04,0.7741935483870968,115376.23000000001,103905.10626801154
F24-KSM-DIANI. BEER,BEER,24T,200582.77,F24 -BDC -DIANI - Beer - 14T,120.88,0.7272727272727273,200461.88999999998,165835.44837855725
LKSM F24. ELOORET JOT BEER,BEER,24T,55014.56,KBL NBO F20 - ELDORET 14T BEER,990.52,0.6363636363636364,54024.04,5454.108952873238
LKSM F24- ELOORET THT 307 BEER,BEER,24T,84.56,KBL NBO F20 - ELDORET 30T BEER,924.14,0.6382978723404256,839.5799999999999,90.84987123163157
F24.KSM-EMALI- BEER,BEER,24T,186209.31,F24 -BDC -EMALI - Beer - 14T,163.12,0.7272727272727273,186046.19,114054.80014713094
F24 -KSM-EMBU - BEER,BEER,24T,146244.45,F24 -BDC -EMBU - Beer - 14T,975.02,0.7096774193548387,145269.43000000002,14899.123094910878
F24-KSM-GATUNOU - MEER. 30T BEER,BEER,30T,116672.25,F24 -BDC -GATUNDU - Beer - 30T,147.52,0.6818181818181818,116524.73,78989.10656182212
F24KSM -GIKOMBA . BEER,BEER,24T,137254.74,F24 -BDC -GIKOMBA - Beer - 14T,421.35,0.7567567567567568,136833.38999999998,32474.994660021355
F24-KSM-HURUMA. BEER,BEER,24T,106557.69,F24 -BDC -HURUMA - Beer - 14T,421.35,0.7428571428571429,106136.34,25189.590601637592
F24 .KSM-ISIOLO - BEER,BEER,24T,152169.34,F24 -BDC -ISIOLO - Beer - 14T,29.25,0.7428571428571429,152140.09,520137.0598290599
KSM F24-ITEN 301 NEER BEER,BEER,24T,65903.37,KBL NBO F20 - ITEN 30T BEER,175.3,0.6341463414634146,65728.06999999999,37494.620650313744
F24-KSM JUJA. BEER,BEER,24T,170593.47,F24 -BDC -JUJA - Beer - 14T,264.29,0.7096774193548387,170329.18,64447.833818911036
KBLKSM F24. KAKAMEGA 307 BEER,BEER,24T,25625.2,KBL NBO F20 - KAKAMEGA 30T BEER,998.76,0.7916666666666666,24626.440000000002,2465.7014698225803
F24 -KSI-KAVOLE. BEER,BEER,24T,123197.35,F24 -BDC -KAYOLE - Beer - 14T,421.35,0.6857142857142857,122776.0,29138.720778450217
KBLKSM F24. KISUMU SOT BEER,BEER,24T,15255.65,KBL NBO F20 - KISUMU 14T Beer,125.58,0.7272727272727273,15130.07,12048.152572065615
KALKSM F24-- KITALE 30T BEER,BEER,30T,67930.63,KBL NBO F20 - KITALE 30T BEER,968.56,0.7727272727272727,66962.07,6913.569629140168
F24 -KSM-LIMURU . BEER,BEER,24T,103238.4,F24 -BDC -LIMURU - Beer - 14T,352.19,0.7428571428571429,102886.20999999999,29213.268406257983
F24 -KSM -MAKUTANO - BEER,BEER,24T,148803.15,F24 -BDC -MAKUTANO - Beer - 14T,782.82,0.7692307692307693,148020.33,18908.60351038553
KBLKSM F24. MERU 307 BEER,BEER,24T,181132.49,KBL NBO F20 - MERU 30T BEER,190.93,0.75,180941.56,94768.5329701985
F24 -KSM -NAIROBI- BEER,BEER,24T,116376.0,F24 -BDC -NAIROBI - Beer - 14T,421.35,0.7567567567567568,115954.65,27519.793520825915
F324 -K5M -NAIRODI THT - OCER- 307 BEER,BEER,30T,116376.0,KBL NBO F20 - NAIROBI THT 30T Beer,51.59,0.6296296296296297,116324.41,225478.60050397363
KSM F24- NAROK 30T BEER,BEER,30T,73687.7,KBL NBO F20 - NAROK 30T BEER,476.98,0.7692307692307693,73210.72,15348.802884816974
XSM F24 - NKUBU 30T BEER,BEER,30T,158283.03,KBL NBO F20 - NKUBU 30T BEER,665.97,0.717948717948718,157617.06,23667.2913194288
F24 -KSM NAS INDUST AREA. BEER,BEER,24T,878.65,F24 -BDC -NRB INDUST AREA - Beer - 14T,421.35,0.7346938775510204,457.29999999999995,108.5320992049365
KOLKStA F24- AUIAU 307 ALER BEER,BEER,24T,128173.51,KBL NBO F20 - MAUA 30T BEER,701.96,0.5652173913043478,127471.54999999999,18159.37517807282
KOLKSM F24- THIKA 30T BEER,BEER,30T,138245.84,KBL NBO F20 - THIKA 30T BEER,112.29,0.7619047619047619,138133.55,123015.0057885831
F24 -KSM-VOl- BEER,BEER,24T,219264.65,F24 -BDC -KAYOLE - Beer - 14T,421.35,0.625,218843.3,51938.60211225821
F24 -KSM-ATHIRIVEN - BEER,BEER,24T,62392.76,F24 -BDC -ATHI RIVER - Beer - 14T,771.07,0.7317073170731707,61621.69,7991.711517761033
NSM F24- ELDORET 7.51 BEER,BEER,24T,23671.32,KBL NBO F20 - ELDORET 7.5T BEER,507.47,0.7441860465116279,23163.85,4564.575245827339
F24_KSM-GATUNDU- BEER,BEER,24T,57843.72,F24 -BDC -GATUNDU - Beer - 14T,869.38,0.7567567567567568,56974.340000000004,6553.4449837815455
F24 -K5M-ISIOLO - BEER,BEER,24T,7.57,F24 -BDC -ISIOLO - Beer - 14T,29.25,0.7428571428571429,21.68,74.11965811965811
F24 -KSM-JUIA- BEER,BEER,24T,7.51,F24 -BDC -JUJA - Beer - 14T,264.29,0.6451612903225806,256.78000000000003,97.15842445798177
KSM F24- KAGIO 7.57 BEER,BEER,24T,7.57,KBL NBO F20 - Kagio 7.5T BEER,717.76,0.717948717948718,710.1899999999999,98.945329915292
KSM F20- KAKAMIGA 7.57 BEER,BEER,20T,34679.69,KBL NBO F20 - KAKAMEGA 7.5T BEER,511.43,0.7555555555555555,34168.26,6680.926030932875
F24 -KSM -KAVOLE - BEER,BEER,24T,7.57,F24 -BDC -KAYOLE - Beer - 14T,421.35,0.6857142857142857,413.78000000000003,98.20339385309126
KBLKSM F24- KERICHO 7.57 BEER,BEER,24T,72.57,KBL NBO F20 - KERICHO 7.5T BEER,265.22,0.782608695652174,192.65000000000003,72.63781011990046
KBLKSM F24 - KISH 7.57 BEER,BEER,24T,7.51,KBL NBO F20 - KISII 7.5T BEER,879.02,0.6829268292682927,871.51,99.14563946212827
KBLKSM F24 - KISUMU AYOTI 7.51 BEER,BEER,24T,9834.36,KBL NBO F20 - KISUMU AYOTI 7.5T BEER,817.44,0.8148148148148148,9016.92,1103.068115091016
KSM F24 - LIMURU 7.5T BEER,BEER,7.5T,7.51,KBL NBO F20 - LIMURU 7.5T BEER,354.45,0.7804878048780488,346.94,97.88122443221894
F24-KSM-NAIROBI THT - BEER,BEER,24T,7.57,F24 -BDC -NAIROBI THT - Beer - 14T,421.35,0.7906976744186046,413.78000000000003,98.20339385309126
F24 -KSM-NANYUKI- BEER,BEER,24T,7.57,F24 -BDC -NANYUKI - Beer - 14T,553.32,0.7567567567567568,545.75,98.63189474445167
f24-NAROK 7.57 BEER,BEER,24T,39805.25,F24 -BDC -NAROK - Beer - 14T,662.16,0.7272727272727273,39143.09,5911.424731182795
F24 -KSM-NAROK - BEER,BEER,24T,36805.79,F24 -BDC -NAROK - Beer - 14T,662.16,0.7272727272727273,36143.63,5458.4435785912765
F24.KSM-NGONG- BEER,BEER,24T,7.57,F24 -BDC -NGONG - Beer - 14T,608.18,0.7272727272727273,600.6099999999999,98.75530270643559
F24-KSM-RUINU - BEER,BEER,24T,2.57,F24 -BDC -RUIRU - Beer - 14T,795.64,0.6666666666666666,793.0699999999999,99.67698959328338
F24 -KSM-UKUNDA- BEER,BEER,24T,7.51,F24 -BDC -UKUNDA - Beer - 14T,120.88,0.7428571428571429,113.36999999999999,93.78722700198544
F24 .KSM-BOMET- BEER,BEER,24T,23112.52,F24 -BDC -BOMET - Beer - 14T,427.29,0.7272727272727273,22685.23,5309.094525965971
F24-KSM-EMALI- BEER,BEER,24T,74830.15,F24 -BDC -EMALI - Beer - 14T,163.12,0.7272727272727273,74667.03,45774.29499754782
F24 -KSM-EMBU - BEER,BEER,24T,67170.49,F24 -BDC -EMBU - Beer - 14T,975.02,0.7096774193548387,66195.47,6789.139709954668
F24 -KSM-GATUNDU - BEER,BEER,24T,54002.16,F24 -BDC -GATUNDU - Beer - 14T,869.38,0.7567567567567568,53132.780000000006,6111.571464721987
F24 -KSM-GIKOMBA - BEER,BEER,24T,54263.25,F24 -BDC -GIKOMBA - Beer - 14T,421.35,0.7567567567567568,53841.9,12778.426486294054
F24 -K5M -HURUMA- BEER,BEER,24T,54696.86,F24 -BDC -HURUMA - Beer - 14T,421.35,0.7428571428571429,54275.51,12881.336181321942
F24 -KSM -JUJA - BEER,BEER,24T,60251.38,F24 -BDC -JUJA - Beer - 14T,264.29,0.7096774193548387,59987.09,22697.44977108479
KSM F24 - KiStl PAUP BEER,BEER,24T,21232.55,KBL NBO F20 - KITALE P/up Beer,997.69,0.6829268292682927,20234.86,2028.171075183674
F24 -KSM-MAKUTANO - BEER,BEER,24T,68566.42,F24 -BDC -MAKUTANO - Beer - 14T,782.82,0.7692307692307693,67783.59999999999,8658.899874811577
F24 -KSM -NAIRODI- BEER,BEER,24T,53671.63,F24 -BDC -NAIROBI - Beer - 14T,421.35,0.7027027027027027,53250.28,12638.015901269728
F24 -KSM-NAIRODI THT - BEER,BEER,24T,55159.96,F24 -BDC -NAIROBI THT - Beer - 14T,421.35,0.7441860465116279,54738.61,12991.244808354098
F24 -KSM -NGONG - BEER,BEER,24T,48601.94,F24 -BDC -NGONG - Beer - 14T,608.18,0.7272727272727273,47993.76,7891.374264198101
F24--SM -NYALI- BEER,BEER,24T,124237.64,F24 -BDC -NYALI - Beer - 14T,789.3,0.75,123448.34,15640.230584061828
F24-KSM -RONGAI- BEER,BEER,24T,55159.96,F24 -BDC -RONGAI - Beer - 14T,433.64,0.7428571428571429,54726.32,12620.219536943086
F24-KSM -RUIRU - BEER,BEER,24T,59206.99,F24 -BDC -RUIRU - Beer - 14T,795.64,0.7272727272727273,58411.35,7341.429540998442
F24-KSM -TALA - BEER,BEER,24T,68044.22,F24 -BDC -TALA - Beer - 14T,270.4,0.7096774193548387,67773.82,25064.2825443787
F24 -KSM-URUNDA- BEER,BEER,24T,127370.83,F24 -BDC -UKUNDA - Beer - 14T,120.88,0.6857142857142857,127249.95,105269.64758438121
F24 -KSM -VOl- BEER,BEER,24T,100020.76,F24 -BDC -KAYOLE - Beer - 14T,421.35,0.625,99599.40999999999,23638.165420671645
F24- DOMET 147 KEG,KEG,24T,40574.62,KBL NBO F20 - BOMET 14T KEG,956.94,0.6470588235294118,39617.68,4140.038037912513
KSM F24- CHUKA 2AT KEG,KEG,24T,125700.16,KBL NBO F20 - Chuka 14T KEG,286.35,0.6486486486486487,125413.81,43797.384319888246
KSM F24 - IKUTHA 147 KEG,KEG,24T,135229.32,KBL NBO F20 - IKUTHA 14T Keg,244.91,0.717948717948718,134984.41,55115.92421705933
bLKSM F24- KAKAMIGA 147 KEG,KEG,24T,47793.24,KBL NBO F20 - KAKAMEGA 14T KEG,782.4,0.7111111111111111,47010.84,6008.542944785276
KBLKSM F24 - KERICHO 24T KEG,KEG,24T,25301.37,KBL NBO F20 - KERICHO 14T KEG,335.07,0.7727272727272727,24966.3,7451.06992568717
KOLKSM F24- KIAMAU 14T KEG,KEG,14T,87626.95,KBL NBO F20 - Kiambu 14T KEG,942.56,0.7142857142857143,86684.39,9196.697292480054
KSM F24 - KIKUYU 147 KEG,KEG,24T,67635.33,KBL NBO F20 - Kikuyu 14T KEG,174.12,0.717948717948718,67461.21,38744.09028256375
F24 - KISUMU 147 KEG,KEG,24T,12558.63,KBL NBO F20 - Kisumu 14T KEG,56.67,0.7222222222222222,12501.96,22060.984647961883
KBLKSM F24 - KITUI14T KEG,KEG,14T,131756.33,KBL NBO F20 - KITUI 14T KEG,563.17,0.8,131193.15999999997,23295.480938260203
KSM F24. IMURU 447 KEG,KEG,24T,74599.81,KBL NBO F20 - LIMURU 14T Keg,384.54,0.631578947368421,74215.27,19299.75295157851
KSM F24- MAUA 141 KEG,KEG,24T,136215.63,KBL NBO F20 - MAUA 14T KEG,80.63,0.6857142857142857,136135.0,168839.14175865063
KSM F24 - MIGORI 147 KEG,KEG,24T,45002.41,KBL NBO F20 - MWINGI 14T KEG,571.01,0.6153846153846154,44431.4,7781.1947251361635
KBLKSM F24 - MWIKI LAT KEG,KEG,14T,91093.76,KBL NBO F20 - Mwiki 14T KEG,925.97,0.7,90167.79,9737.657807488362
KSM F20- NAIVASHA 14T KEG,KEG,14T,74718.07,KBL NBO F20 - NAIVASHA 14T KEG,396.48,0.8372093023255814,74321.59000000001,18745.35663841808
KSM F24 - NAKURU LAT KEG,KEG,14T,61194.77,KBL NBO F20 - NAKURU 14T Keg,992.38,0.6666666666666666,60202.39,6066.465466857453
KBLKSM F24 . NAROK 14T KEG,KEG,14T,56809.55,KBL NBO F20 - NAROK 14T KEG,914.91,0.8,55894.64,6109.304740356974
KSM F24-NGONG 147 KEG,KEG,24T,76933.78,KBL NBO F20 - NGONG 14T KEG,815.06,0.7027027027027027,76118.72,9339.0327092484
KSM F24- NKUGU 147 KEG,KEG,24T,117361.94,KBL NBO F20 - NKUBU 14T KEG,782.02,0.6486486486486487,116579.92,14907.5368916396
KSM F24 - RONGAI 1aT KEG,KEG,24T,76128.8,KBL NBO F20 - Rongai 14T KEG,923.01,0.717948717948718,75205.79000000001,8147.884638302945
KSM F24 - BUNGOMA 30T KEG,KEG,30T,44466.13,KBL NBO F20 - BUNGOMA 30T KEG,145.13,0.7804878048780488,44321.0,30538.82725832013
KBLKSM F24 - CHUKA 30T KEG,KEG,30T,163299.83,KBL NBO F20 - Chuka 30T KEG,292.8,0.8,163007.03,55671.79986338798
KBLKSM F24 - GILGIL 30T KEG,KEG,30T,89006.35,KBL NBO F20 - GILGIL 30T Keg,381.47,0.8095238095238095,88624.88,23232.463889689883
RSM F24- KADSADET JOT KEG,KEG,24T,38187.21,KBL NBO F20 - Kapsabet 14T KEG,212.94,0.5581395348837209,37974.27,17833.319244857707
KSM F24 - KERICHO 30T KEG,KEG,30T,39404.56,KBL NBO F20 - KERICHO 30T KEG,978.2,0.7804878048780488,38426.36,3928.2723369454097
KSM F24 - KIAMBU 307 KEG,KEG,24T,132675.14,KBL NBO F20 - Kiambu 30T KEG,918.44,0.717948717948718,131756.7,14345.705761944166
KSM F24 - KIS 30T KEG,KEG,30T,40329.76,KBL NBO F20 - KISII 30T KEG,409.7,0.6857142857142857,39920.060000000005,9743.729558213328
KSM F24 - KITALE 30T KEG,KEG,30T,67082.5,KBL NBO F20 - KITALE 30T KEG,449.12,0.7692307692307693,66633.38,14836.431243320272
KSM F24 . KITENGELA 30T KEG,KEG,30T,98824.36,KBL NBO F20 - Kitengela 30T KEG,51.0,0.8,98773.36,193673.25490196078
KSM F24 - LIMURU 30T KEG,KEG,30T,120342.7,KBL NBO F20 - LIMURU 30T Keg,587.37,0.7692307692307693,119755.33,20388.39743262339
KOLKSM F24 - NAKUAU 30T KEG,KEG,30T,65079.31,KBL NBO F20 - NAKURU 30T Keg,985.96,0.7142857142857143,64093.35,6500.603472757515
KSM F24 - NAADK 307 KEG,KEG,24T,66141.43,KBL NBO F20 - NAROK 30T Keg,218.03,0.5945945945945946,65923.4,30235.93083520616
KSM F24 - NGONG 307 KEG,KEG,24T,134341.01,KBL NBO F20 - NGONG 30T KEG,973.95,0.7027027027027027,133367.06,13693.419580060578
KSM F24 - NIORO 20T KEG,KEG,20T,60800.92,KBL NBO F20 - Njoro 30T KEG,110.11,0.6486486486486487,60690.81,55118.34529107256
F24 - NYAHURURU 30T KEG,KEG,30T,71994.72,KBL NBO F20 - NYAHURURU 30T KEG,891.14,0.8095238095238095,71103.58,7978.946069080055
KSM F24 - HUNGOMA 7 STRIG KEG,KEG,24T,7.57,KBL NBO F20 - BUNGOMA 7.5T KEG,442.63,0.6363636363636364,435.06,98.28976797776924
KSM F264 - CHUKA 7.5T KEG,KEG,7.5T,83811.39,KBL NBO F20 - Chuka 7.5T KEG,26.62,0.7368421052631579,83784.77,314743.68895567243
KSM F24 - DANDORA 7.51 KEG,KEG,24T,7.57,KBL NBO F20 - Dandora 7.5T KEG,606.52,0.7317073170731707,598.9499999999999,98.75189606278441
KSM F24 - GILGIL 7.51 KEG,KEG,24T,7.51,KBL NBO F20 - GILGIL 7.5T Keg,16.29,0.717948717948718,8.78,53.89809699201964
KSM F24 - IKUTHA 7.51 KEG,KEG,24T,7.57,KBL NBO F20 - IKUTHA 7.5T Keg,379.96,0.717948717948718,372.39,98.00768501947573
KEM F24 - JUJA 7.57 KEG,KEG,24T,68132.61,KBL NBO F20 - Juja 7.5T KEG,148.77,0.6857142857142857,67983.84,45697.277676950995
KSM F24- FAPSADET 7ST KEG,KEG,24T,16286.5,KBL NBO F20 - Kapsabet 7.5T KEG,219.17,0.6511627906976745,16067.33,7330.989642743078
KBLKSM F24- KISI7.5T KEG,KEG,7.5T,23658.89,KBL NBO F20 - KISII 7.5T KEG,907.05,0.7692307692307693,22751.84,2508.3336089520976
RGM F24 - KITALE 7.5T KEG,KEG,7.5T,32.06,KBL NBO F20 - KITALE 7.5T KEG,213.01,0.717948717948718,180.95,84.94906342425239
KBLKSM F24 - LIMURU 7.5T KEG,KEG,7.5T,56630.51,KBL NBO F20 - LIMURU 7.5T Keg,382.48,0.8095238095238095,56248.03,14706.13626856306
KSM F24 - MAUA 7.51 KEG,KEG,24T,86116.5,KBL NBO F20 - MAUA 7.5T KEG,293.25,0.6857142857142857,85823.25,29266.24040920716
KBLKSM F24- MWEA 7.57 KEG,KEG,24T,75641.74,KBL NBO F20 - MWEA 7.5T Keg,409.3,0.7368421052631579,75232.44,18380.757390666993
KSM F24- MWIKi 7.51 KEG,KEG,24T,7.51,KBL NBO F20 - Mwiki 7.5T KEG,994.72,0.7027027027027027,987.21,99.24501367218916
KBLKSM F24- NAKUAU 7.51 KEG,KEG,24T,7.51,KBL NBO F20 - NAKURU 7.5T Keg,501.12,0.7142857142857143,493.61,98.50135696040869
KSM F24 - NAROK 7.57 KEG,KEG,24T,491235.19,KBL NBO F20 - NAROK 7.5T Keg,495.96,0.7027027027027027,490739.23,98947.34051133157
KBLKSM F24- NGONG 7.51 KEG,KEG,24T,63708.93,KBL NBO F20 - NGONG 7.5T KEG,442.2,0.75,63266.73,14307.265943012211
KBLKSM F24 - NKUBU 7.57 KEG,KEG,24T,82475.32,KBL NBO F20 - NKUBU 7.5T KEG,537.91,0.75,81937.41,15232.55005484189
KSM F24. NYAHUAURU 2.51 KEG,KEG,24T,7.57,KBL NBO F20 - NYAHURURU 14T KEG,357.48,0.6666666666666666,349.91,97.88239901532954
KBLKSM F24- THIKA 7.5T KEG,KEG,7.5T,71992.36,KBL NBO F20 - THIKA 7.5T KEG,682.99,0.8,71309.37,10440.763407956192
F24-kSM-BOMEY - SPINITS - 147 SPIRITS,SPIRITS,24T,31400.43,F24 - BDC - BOMET - Spirits - 14T,352.39,0.6122448979591837,31048.04,8810.704049490621
F24 - KSM- ELDORET- SPIRITS,SPIRITS,24T,29563.32,F24 - BDC - ELDORET - Spirits - 14T,556.97,0.7906976744186046,29006.35,5207.883728028439
F24-KSM-KITHYUKO EG-SPIRITS,SPIRITS,24T,103472.46,F24 - BDC - KITHYUKO EB - Spirits - 14T,775.36,0.7755102040816326,102697.1,13245.086153528684
F24 - KSM- LOKICHOGIO - SPIRITS,SPIRITS,24T,141137.53,F24 - BDC - LOKICHOGIO - Spirits - 14T,884.49,0.8163265306122449,140253.04,15856.939027009916
F24 - KSM- MAKONG- ESPiNnIITS - 147 SPIRITS,SPIRITS,24T,85877.17,F24 - BDC - MAKONGENI - Spirits - 14T,150.66,0.6666666666666666,85726.51,56900.64383379795
F24 - KSM- MAUA EB- SPIRITS,SPIRITS,24T,107513.85,F24 - BDC - MAUA EB - Spirits - 14T,225.09,0.7804878048780488,107288.76000000001,47664.82740237239
KSM F24 - NAIROMI 147 SPIRIT SPIRITS,SPIRITS,24T,74059.42,KBL NBO F20 - nairobi 14T SPIRIT,385.35,0.6666666666666666,73674.06999999999,19118.74140391851
KSM F24 - NAIVASHA 147 SPINIT SPIRITS,SPIRITS,24T,63409.98,KBL NBO F20 - Naivasha 14T SPIRIT,116.96,0.7142857142857143,63293.020000000004,54115.099179206576
KSM F24- NAKUAU LAT SPIRIT SPIRITS,SPIRITS,14T,43504.54,F24 - BDC - NAKURU - Spirits - 14T,149.01,0.64,43355.53,29095.718408160526
F24 - KSM - NAKURU EB - SPIRITS,SPIRITS,24T,41804.54,F24 - BDC - NAKURU EB - Spirits - 14T,149.01,0.8,41655.53,27954.855378833632
F24- KSM. NAKURU . SPIRITS,SPIRITS,24T,41504.54,F24 - BDC - NAKURU - Spirits - 14T,149.01,0.7804878048780488,41355.53,27753.526608952423
F24.KSM- NAROKEB- SPIAITS - 147 SPIRITS,SPIRITS,24T,47033.97,F24 - BDC - NAROK EB - Spirits - 14T,587.26,0.7169811320754716,46446.71,7909.053911385076
KSM F24- NYAHURUAY 147 SPIRIT SPIRITS,SPIRITS,24T,3096.43,KBL NBO F20 - NYAHURURU 14T SPIRIT,568.71,0.6551724137931034,2527.72,444.4655448295264
F24- KS - NYALI- SPIRITS,SPIRITS,24T,172158.85,F24 - BDC - NYALI - Spirits - 14T,714.41,0.7894736842105263,171444.44,23998.04594000644
F24- KSM- RUIRU EG- SPIRITS,SPIRITS,24T,81468.11,F24 - BDC - RUIRU EB - Spirits - 14T,720.74,0.7441860465116279,80747.37,11203.397896606264
KBLKSM F24- BOMET 307 SPIRIT SPIRITS,SPIRITS,24T,48696.27,KBL NBO F20 - Bomet 30T SPIRIT,876.91,0.7169811320754716,47819.35999999999,5453.166231426258
F24 - KSM - BOMET- SPIRITS,SPIRITS,24T,48686.27,F24 - BDC - BOMET - Spirits - 14T,352.39,0.7692307692307693,48333.88,13716.01918329124
KBLKSM F24 - 307 SPIRIT SPIRITS,SPIRITS,24T,42052.19,KBL NBO F20 - MIGORI 14T SPIRIT,997.92,0.6530612244897959,41054.270000000004,4113.984086900754
F24- KSM - BURUBURU - SPIRITS,SPIRITS,24T,121071.63,F24 - BDC - BURUBURU - Spirits - 14T,346.46,0.8,120725.17,34845.34145355885
F24 - KSM - ELDORET - SPIRITS,SPIRITS,24T,45723.02,F24 - BDC - ELDORET - Spirits - 14T,556.97,0.7906976744186046,45166.049999999996,8109.242867658939
F24- KSM- GATUNOU- SPIRITS,SPIRITS,24T,136532.13,F24 - BDC - GATUNDU - Spirits - 14T,794.48,0.7441860465116279,135737.65,17085.09339442151
F24 - KSM - JUJAEQ- SPIRIT- 3S07 SPIRITS,SPIRITS,24T,130403.15,F24 - BDC - JUJA EB - Spirits - 14T,189.39,0.5882352941176471,130213.76,68754.29536934369
KSM F24 . KAPSAQET 30T SPIRIT SPIRITS,SPIRITS,30T,32339.7,KBL NBO F20 - Kapsabet 30T SPIRIT,462.67,0.6785714285714286,31877.030000000002,6889.798344392332
KSM F24 - KERICHO 30T SPIRIT SPIRITS,SPIRITS,30T,30486.65,KBL NBO F20 - KERICHO 30T Spirit,125.2,0.7037037037037037,30361.45,24250.359424920127
KBLKSM F24 - KISH 307 SPIRIT SPIRITS,SPIRITS,24T,40596.9,KBL NBO F20 - KISII 14T SPIRIT,736.49,0.6538461538461539,39860.41,5412.2133362299555
KSM F24 - KISUMU JOT SPIRIT SPIRITS,SPIRITS,24T,1430.88,KBL NBO F20 - KISUMU 14T SPIRIT,267.9,0.6153846153846154,1162.98,434.10974244120945
KOLKSM f24- KITALE 207 SPIRIT SPIRITS,SPIRITS,24T,46684.68,KBL NBO F20 - Kitale 30T SPIRIT,674.53,0.6545454545454545,46010.15,6821.068002905728
F24 - KSM- MAKUTANO- SPIRITS,SPIRITS,24T,148663.07,F24 - BDC - MAKUTANO - Spirits - 14T,782.82,0.8,147880.25,18890.709230729924
F24- KSM - MATHAME EO - SPIRITS,SPIRITS,24T,119146.04,F24 - BDC - MATHARE EB - Spirits - 14T,346.46,0.723404255319149,118799.57999999999,34289.551463372394
F24 - KSM- MAUA EB - SPIRITS,SPIRITS,24T,169562.85,F24 - BDC - MAUA EB - Spirits - 14T,225.09,0.7804878048780488,169337.76,75231.13421298147
F24 - KSM- MERU - SPIRITS,SPIRITS,24T,180992.97,F24 - BDC - MERU - Spirits - 14T,289.7,0.7567567567567568,180703.27,62375.99930963065
KBLKSM F24 . MIGORI 30T SPIRIT SPIRITS,SPIRITS,30T,71452.8,KBL NBO F20 - MIGORI 30T SPIRIT,36.7,0.7272727272727273,71416.1,194594.2779291553
F24- KiM- MOMBAS-A SPIA- I3T0ST SPIRITS,SPIRITS,5T,256559.05,KBL NBO F20 - MOMBASA 30T SPIRIT,796.5,0.6545454545454545,255762.55,32110.803515379786
KBLKSM F24- NAIROBI 307 SPIRIT SPIRITS,SPIRITS,24T,116235.88,KBL NBO F20 - nairobi 30T SPIRIT,65.43,0.7368421052631579,116170.45000000001,177549.21289928167
F24 - KSM- NAIROBI THT. SPIRITS,SPIRITS,24T,116235.88,F24 - BDC - NAIROBI THT - Spirits - 14T,346.46,0.8163265306122449,115889.42,33449.58148126768
F24- KSM- NAROK Eft- SPIRITS,SPIRITS,24T,73547.58,F24 - BDC - NAROK EB - Spirits - 14T,587.26,0.7272727272727273,72960.32,12423.85314852025
F24- KSM. NGONG . SPIRITS,SPIRITS,24T,116592.13,F24 - BDC - NGONG - Spirits - 14T,533.28,0.7692307692307693,116058.85,21763.21069606961
F24- KSM- NYERI - SPIRITS,SPIRITS,24T,124182.21,F24 - BDC - NYERI - Spirits - 14T,211.71,0.7692307692307693,123970.5,58556.75216097492
F24- KSM-TALA- SPIRITS,SPIRITS,24T,147478.0,F24 - BDC - TALA - Spirits - 14T,195.51,0.7567567567567568,147282.49,75332.45869776481
F24. KSM.- THIKA . SPIRITS,SPIRITS,24T,138105.71,F24 - BDC - THIKA - Spirits - 14T,157.12,0.7692307692307693,137948.59,87798.23701629328
F24- KSM- VOL. SPIRITS,SPIRITS,24T,197302.08,F24 - BDC - VOI - Spirits - 14T,242.88,0.6857142857142857,197059.19999999998,81134.38735177866
F24 - KSM - ATHI RIVER - SPIRITS,SPIRITS,24T,7.57,F24 - BDC - ATHI RIVER - Spirits - 14T,696.17,0.8085106382978723,688.5999999999999,98.91262191706048
KSM F24 - BUNGOMA 7.57 SPIRIT SPIRITS,SPIRITS,24T,2.51,KBL NBO F20 - BUNGOMA 7.5T SPIRIT,331.67,0.7037037037037037,329.16,99.24322368619411
KBLKSM F24- BUSIA 7.57 SPIRIT SPIRITS,SPIRITS,24T,24849.23,KBL NBO F20 - BUSIA 7.5T SPIRIT,773.35,0.7169811320754716,24075.88,3113.1932501454708
F24 KS. DANDORA EB. SPIRITS,SPIRITS,24T,39495.19,F24 - BDC - DANDORA EB - Spirits - 14T,346.46,0.8260869565217391,39148.73,11299.63920798938
F24- KM - KIBERA UD - SPIRITS,SPIRITS,24T,7.57,F24 - BDC - KIBERA EB - Spirits - 14T,346.46,0.7272727272727273,338.89,97.81504358367489
MSM F24 . KISH 7.57 SPIRIT SPIRITS,SPIRITS,24T,20905.84,F24 - BDC - KISII - Spirits - 14T,224.13,0.5957446808510638,20681.71,9227.55097488065
F24- RSM - MAUA EB. SPIRITS,SPIRITS,24T,7.57,F24 - BDC - MAUA EB - Spirits - 14T,225.09,0.7804878048780488,217.52,96.63690079523747
KBLKSM F24. NAKURU 7.ST SPIRIT SPIRITS,SPIRITS,24T,92366.86,KBL NBO F20 - NAKURU 7.5T SPIRIT,731.04,0.6909090909090909,91635.82,12534.993981177502
KBLKSM F24. NIORO 7.51 SPIRIT SPIRITS,SPIRITS,24T,93394.75,KBL NBO F20 - NJORO 7.5T SPIRIT,561.01,0.6792452830188679,92833.74,16547.608777027148
F24 - KSM- NIORG EB - SPIRITS,SPIRITS,24T,7.57,F24 - BDC - NJORO EB - Spirits - 14T,898.22,0.6976744186046512,890.65,99.15722206141034
F24.KSM-NABCITYCENTEB-SPIRITS,SPIRITS,24T,39.69,F24 - BDC - NRB CITY CENT EB - Spirits - 14T,346.46,0.8,306.77,88.54413207873925
F24- KSM-NAUINDUST AREA -SPIRITS,SPIRITS,24T,59356.31,F24 - BDC - NRB INDUST AREA - Spirits - 14T,346.46,0.7636363636363637,59009.85,17032.22594238873
F24- KSM- NYAHURUAU - SPIRITS,SPIRITS,24T,7.57,F24 - BDC - NYAHURURU - Spirits - 14T,835.51,0.7659574468085106,827.9399999999999,99.09396655934698
F24- RSM. NYERI- SPIRITS,SPIRITS,24T,7.51,F24 - BDC - NYERI - Spirits - 14T,211.71,0.7692307692307693,204.20000000000002,96.45269472391479
F24-KSM.BURUBURU SPIRITS,SPIRITS,24T,36139.08,F24 - BDC - BURUBURU - Spirits - 14T,346.46,0.8,35792.62,10330.953068175259
F24 - KS. MERU - SPIRITS,SPIRITS,24T,69324.56,F24 - BDC - MERU - Spirits - 14T,289.7,0.7777777777777778,69034.86,23829.77562996203
F24 - KSM- MWIKI EB - SPIRITS,SPIRITS,24T,55943.25,F24 - BDC - MWIKI EB - Spirits - 14T,346.46,0.7906976744186046,55596.79,16047.102118570689
F24 . KSM- NAIVASHA EB - SPIRITS,SPIRITS,24T,39478.01,F24 - BDC - NAIVASHA EB - Spirits - 14T,970.56,0.8163265306122449,38507.450000000004,3967.5496620507756
F24 - KSI NAKURU - SPIRITS,SPIRITS,24T,50292.53,F24 - BDC - NAKURU - Spirits - 14T,149.01,0.7804878048780488,50143.52,33651.110663713844
F24- KSM. NJORO EB- SPIRITS,SPIRITS,24T,29378.68,F24 - BDC - NJORO EB - Spirits - 14T,898.22,0.7906976744186046,28480.46,3170.766627329607
F24 - KSM- NYAHURURU - SPIRITS,SPIRITS,24T,38694.72,F24 - BDC - NYAHURURU - Spirits - 14T,835.51,0.8085106382978723,37859.21,4531.269524003303
F24 - KSM- RUIRU EB - SPIRITS,SPIRITS,24T,59206.99,F24 - BDC - RUIRU EB - Spirits - 14T,720.74,0.7906976744186046,58486.25,8114.750117934345
F24 . KSM.. TALA- SPIRITS,SPIRITS,24T,68044.22,F24 - BDC - TALA - Spirits - 14T,195.51,0.7567567567567568,67848.71,34703.44739399519
F24-BOC -ATHIRIVER - BEER,BEER,24T,12163.64,F24 -BDC -ATHI RIVER - Beer - 14T,771.07,0.8780487804878049,11392.57,1477.5013941665475
F24 -BOC -DAGORETTI CORNER - BEER,BEER,24T,9756.54,F24 -BDC -DAGORETTI CORNER - Beer - 14T,421.35,0.9056603773584906,9335.19,2215.5428978284085
F24-BOC -EMBU - BEER,BEER,24T,32943.52,F24 -BDC -EMBU - Beer - 14T,975.02,0.8387096774193549,31968.499999999996,3278.7532563434597
F24 BDC -GATUNDU . BEER,BEER,24T,17159.99,F24 -BDC -GATUNDU - Beer - 14T,869.38,0.918918918918919,16290.610000000002,1873.819273505257
F24 -AOC -JUJA- BEER,BEER,24T,14607.0,F24 -BDC -JUJA - Beer - 14T,264.29,0.7741935483870968,14342.71,5426.883347837602
F24 BOC -KAGIO- BEER,BEER,24T,28901.88,F24 -BDC -KAGIO - Beer - 14T,850.89,0.8484848484848485,28050.99,3296.6646687585944
F24 -BDC -KAYOLE - BEER,BEER,24T,10840.93,F24 -BDC -KAYOLE - Beer - 14T,421.35,0.9142857142857143,10419.58,2472.9037617182867
F24 -BOC -MAKUTANO - BEER,BEER,24T,24030.78,F24 -BDC -MAKUTANO - Beer - 14T,782.82,0.8717948717948718,23247.96,2969.77082854296
F24 -BDC -MOMBASA - BEER,BEER,24T,93706.03,F24 -BDC -MOMBASA - Beer - 14T,601.84,0.918918918918919,93104.19,15469.923900039876
F24 -BOC -NAIRODI- BEER,BEER,24T,20840.93,F24 -BDC -NAIROBI - Beer - 14T,421.35,0.8108108108108109,20419.58,4846.22760175626
F24 -BOC -NANYUKI - BEER,BEER,24T,45210.25,F24 -BDC -NANYUKI - Beer - 14T,553.32,0.8648648648648649,44656.93,8070.7239933492365
F24 -BDC -NKUBU - BEER,BEER,24T,48209.63,F24 -BDC -NKUBU - Beer - 14T,552.68,0.9090909090909091,47656.95,8622.883042628646
F24 -BDC -NYAHURURU- BEER,BEER,24T,43900.61,F24 -BDC -NYAHURURU - Beer - 14T,865.54,0.926829268292683,43035.07,4972.0486632622415
F24 BOC -NYAU- BEER,BEER,24T,104301.52,F24 -BDC -NYALI - Beer - 14T,789.3,0.75,103512.22,13114.433041935894
F24 BDC -RONGAI- BEER,BEER,24T,11832.97,F24 -BDC -RONGAI - Beer - 14T,433.64,0.9142857142857143,11399.33,2628.7542662116043
F24 -BDC -RUAKA - BEER,BEER,24T,10840.53,F24 -BDC -RUAKA - Beer - 14T,421.35,0.9090909090909091,10419.18,2472.8088287646847
F24 -BOC -RUIRU - BEER,BEER,24T,14147.72,F24 -BDC -RUIRU - Beer - 14T,795.64,0.8484848484848485,13352.08,1678.1559499271025
F24 -BDC -UKUNDA - BEER,BEER,24T,110506.46,F24 -BDC -UKUNDA - Beer - 14T,120.88,0.9142857142857143,110385.58,91318.31568497684
F24 BOC -VOt- BEER,BEER,24T,72479.42,F24 -BDC -VOI - Beer - 14T,317.78,0.7586206896551724,72161.64,22708.049594058783
F24-BOC-BUAUBUAU-BEER,BEER,24T,16152.37,F24 -BDC -BURUBURU - Beer - 14T,421.35,0.7692307692307693,15731.02,3733.4804794114157
F24 -BDC -DAGORETTI CORNER - BEER,BEER,24T,16152.37,F24 -BDC -DAGORETTI CORNER - Beer - 14T,421.35,0.9433962264150944,15731.02,3733.4804794114157
F24 -BOC -ISIOLO - BEER,BEER,24T,96391.1,F24 -BDC -ISIOLO - Beer - 14T,29.25,0.8571428571428571,96361.85,329442.22222222225
F24 -BOC -KAREN THT -GCER- 207 BEER,BEER,24T,36152.37,F24 -BDC -KAREN THT - Beer - 14T,421.35,0.7391304347826086,35731.020000000004,8480.128159487364
F24 -BOC -KITUI- REER- 307 BEER,BEER,24T,56958.72,F24 -BDC -KITUI - Beer - 30T,459.92,0.75,56498.8,12284.484258131848
F24 -D0C -LIMURU - BEER,BEER,24T,19203.69,F24 -BDC -LIMURU - Beer - 14T,352.19,0.8571428571428571,18851.5,5352.650557937477
F24 -BDC -MACHAKOS- IEER- JOT BEER,BEER,24T,29629.76,F24 -BDC -MACHAKOS - Beer - 14T,6.42,0.782608695652174,29623.34,461422.74143302185
F24 BDC -MAUA - BEER,BEER,24T,95609.83,F24 -BDC -MAUA - Beer - 14T,299.98,0.9032258064516129,95309.85,31772.068137875856
F24 -NDC -ME- RBEEUR - 307 BEER,BEER,24T,79900.05,F24 -BDC -MERU - Beer - 14T,364.59,0.6842105263157895,79535.46,21815.04155352588
F24 -BDC -MOMBASA BEER,BEER,24T,104782.48,F24 -BDC -MOMBASA - Beer - 14T,601.84,0.918918918918919,104180.64,17310.354911604412
F24 -BDC -NAROK - HEER - 307 BEER,BEER,24T,53862.96,F24 -BDC -NAROK - Beer - 30T,320.98,0.8,53541.979999999996,16680.783849461022
F24 -BOC -NKUBU . BEER,BEER,24T,75465.17,F24 -BDC -NKUBU - Beer - 14T,552.68,0.8484848484848485,74912.49,13554.405804443802
F24-BOC -NYALI- BEER,BEER,24T,139688.37,F24 -BDC -NYALI - Beer - 14T,789.3,0.8484848484848485,138899.07,17597.75370581528
F24 -BOC -RUAKA- NEER- 407 BEER,BEER,24T,26152.97,F24 -BDC -RUAKA - Beer - 14T,421.35,0.7,25731.620000000003,6106.946718879792
F24 -BDC -RUIRU - BEER,BEER,24T,19336.3,F24 -BDC -RUIRU - Beer - 14T,795.64,0.9090909090909091,18540.66,2330.2825398421396
F24 BDC -TALA. BEER,BEER,24T,39020.68,F24 -BDC -TALA - Beer - 14T,270.4,0.9032258064516129,38750.28,14330.724852071005
F24 -BDC -IKUNDA. BEER,BEER,24T,127054.88,F24 -BDC -UKUNDA - Beer - 14T,120.88,0.8571428571428571,126934.0,105008.27266710787
F24 -BDC -VOl- BEER,BEER,24T,84624.73,F24 -BDC -VOI - Beer - 14T,317.78,0.8275862068965517,84306.95,26529.973566618417
F24 BDC -BOMET- BEER,BEER,24T,7.57,F24 -BDC -BOMET - Beer - 14T,427.29,0.9090909090909091,419.72,98.22836949144609
F24 -BDC -BURUAUAU - BEER,BEER,24T,7.57,F24 -BDC -BURUBURU - Beer - 14T,421.35,0.8205128205128205,413.78000000000003,98.20339385309126
F24 -BDC -DIANI- BEER,BEER,24T,86459.13,F24 -BDC -DIANI - Beer - 14T,120.88,0.9090909090909091,86338.25,71424.76009265387
F24 -BOC -EMALI- DEER - 7.57 BEER,BEER,24T,2.57,F24 -BDC -EMALI - Beer - 7.5T,420.85,0.75,418.28000000000003,99.38933111559939
F24 -BDC -EMBU - BEER,BEER,24T,29203.04,F24 -BDC -EMBU - Beer - 14T,975.02,0.9032258064516129,28228.02,2895.1221513404853
F24 -BDC -HURUMA - BEER,BEER,24T,7.57,F24 -BDC -HURUMA - Beer - 14T,421.35,0.9142857142857143,413.78000000000003,98.20339385309126
F24 -BDG -JUIA - BEER,BEER,24T,7.57,F24 -BDC -JUJA - Beer - 14T,264.29,0.7741935483870968,256.72,97.13572212342503
F24-BOC -KAREN THT -BEER,BEER,24T,7.57,F24 -BDC -KAREN THT - Beer - 14T,421.35,0.8717948717948718,413.78000000000003,98.20339385309126
F24 -BDC -LOKICHOGIO - BEER,BEER,24T,134583.77,F24 -BDC -LOKICHOGIO - Beer - 14T,959.39,0.9302325581395349,133624.37999999998,13928.05636915123
F24 -B-O MECRU - BEER,BEER,24T,7.51,F24 -BDC -MERU - Beer - 14T,364.59,0.7741935483870968,357.08,97.94015195150718
F24-BDC -NAIROBI THT - BEER,BEER,24T,16085.22,F24 -BDC -NAIROBI THT - Beer - 14T,421.35,0.9302325581395349,15663.869999999999,3717.5436098255605
F24 -BDC -NAIVASHA BEER,BEER,24T,2.51,F24 -BDC -NAIVASHA - Beer - 14T,45.45,0.9230769230769231,42.940000000000005,94.47744774477448
F24 -DOC -NYAHUAURU - MEER- 7.57 BEER,BEER,24T,7.51,F24 -BDC -NYAHURURU - Beer - 7.5T,412.36,0.75,404.85,98.17877582694733
F24 -BDC -NYALI- BEER,BEER,24T,79074.24,F24 -BDC -NYALI - Beer - 14T,789.3,0.9090909090909091,78284.94,9918.274420372481
F24 -DC -RONGAI- BEER,BEER,24T,7.57,F24 -BDC -RONGAI - Beer - 14T,433.64,0.8823529411764706,426.07,98.25431233281063
F24 -BDC -THIKA- BEER,BEER,24T,7.51,F24 -BDC -THIKA - Beer - 14T,232.01,0.9090909090909091,224.5,96.76307055730356
F24 -BDC -VOl- BEER,BEER,24T,62405.62,F24 -BDC -VOI - Beer - 14T,317.78,0.8275862068965517,62087.840000000004,19537.994839196934
F24-DDC -EMAL- BEER,BEER,24T,36741.91,F24 -BDC -EMALI - Beer - 14T,163.12,0.8125,36578.79,22424.466650318784
F24-RDC -ISIOLO - BEER,BEER,24T,49927.42,F24 -BDC -ISIOLO - Beer - 14T,29.25,0.8571428571428571,49898.17,170592.0341880342
F24-BDC -JUJA - BEER,BEER,24T,25755.44,F24 -BDC -JUJA - Beer - 14T,264.29,0.9032258064516129,25491.149999999998,9645.14359226607
F24 -BDC -KAYOLE - BEER,BEER,24T,10860.94,F24 -BDC -KAYOLE - Beer - 14T,421.35,0.9142857142857143,10439.59,2477.652782722202
F24-BDC -LOKICHOGIO - BEER,BEER,24T,98739.08,F24 -BDC -LOKICHOGIO - Beer - 14T,959.39,0.9302325581395349,97779.69,10191.860452996176
F24 -BDC -MACHAKOS - BEER,BEER,24T,51327.91,F24 -BDC -MACHAKOS - Beer - 14T,6.42,0.9230769230769231,51321.490000000005,799400.15576324
F24 -BDC NAIROBI THT BEER,BEER,24T,10860.94,F24 -BDC -NAIROBI THT - Beer - 14T,421.35,0.9302325581395349,10439.59,2477.652782722202
F24 -BDC -NAROK - BEER,BEER,24T,22923.5,F24 -BDC -NAROK - Beer - 14T,662.16,0.9090909090909091,22261.34,3361.9276307841005
F24 -BOC -RONGAI- BEER,BEER,24T,10860.94,F24 -BDC -RONGAI - Beer - 14T,433.64,0.8571428571428571,10427.300000000001,2404.598284291117
F24 -BOC .TALA. BEER,BEER,24T,58008.04,F24 -BDC -TALA - Beer - 14T,270.4,0.8387096774193549,57737.64,21352.6775147929
F24 -ODC -THIKA - BEER,BEER,24T,17661.54,F24 -BDC -THIKA - Beer - 14T,232.01,0.8484848484848485,17429.530000000002,7512.404637731133
F24 -NDC -UKUNDA - BEER,BEER,24T,33183.2,F24 -BDC -UKUNDA - Beer - 14T,120.88,0.8571428571428571,33062.32,27351.35671740569
F24- ADC. BABADOGO - SPIRITS,SPIRITS,24T,10767.83,F24 - BDC - BABADOGO - Spirits - 14T,346.46,0.8888888888888888,10421.37,3007.9576285862727
F24- BDC - BOMET - SPIRITS,SPIRITS,24T,49973.34,F24 - BDC - BOMET - Spirits - 14T,352.39,0.9230769230769231,49620.95,14081.259400096485
F24- ADC - DAGORETTICORNEN-SPIRITS,SPIRITS,24T,10767.59,F24 - BDC - DAGORETTI CORNER - Spirits - 14T,346.46,0.8813559322033898,10421.130000000001,3007.8883565202336
F24- BDC - DANDORA C8 - SPIRITS,SPIRITS,24T,10767.53,F24 - BDC - DANDORA EB - Spirits - 14T,346.46,0.851063829787234,10421.070000000002,3007.871038503724
F24. BDC - ELDORET. SPIRITS,SPIRITS,24T,73.03,F24 - BDC - ELDORET - Spirits - 14T,556.97,0.9302325581395349,483.94000000000005,86.88798319478607
F24- DC - EMGU - SPIRI- T14S7 SPIRITS,SPIRITS,24T,32870.12,F24 - BDC - EMBU - Spirits - 14T,900.12,0.7391304347826086,31970.000000000004,3551.7486557347916
F24- BDC- EMBU EB- SPIRITS,SPIRITS,24T,32870.12,F24 - BDC - EMBU EB - Spirits - 14T,900.12,0.926829268292683,31970.000000000004,3551.7486557347916
F24- ADC- ISIOLO- SPIRITS,SPIRITS,24T,61343.27,F24 - BDC - ISIOLO - Spirits - 14T,954.36,0.8780487804878049,60388.909999999996,6327.686617209438
F24- DC - JUJA EB - SPIRITS,SPIRITS,24T,14533.6,F24 - BDC - JUJA EB - Spirits - 14T,189.39,0.9,14344.210000000001,7573.900417128678
F24- ADC - KANGEMA EB - SPIRITS,SPIRITS,24T,29012.19,F24 - BDC - KANGEMA EB - Spirits - 14T,963.46,0.8936170212765957,28048.73,2911.2500778444355
F24 - BDC. KAREN THT - SPIRITS,SPIRITS,24T,9690.76,F24 - BDC - KAREN THT - Spirits - 14T,346.46,0.9333333333333333,9344.300000000001,2697.0790278820073
F24. BDC. KIBERA EB - SPIRITS,SPIRITS,24T,10767.53,F24 - BDC - KIBERA EB - Spirits - 14T,346.46,0.9333333333333333,10421.070000000002,3007.871038503724
F24 - BOC - KITHYUKO EB - SPIRITS,SPIRITS,24T,71767.06,F24 - BDC - KITHYUKO EB - Spirits - 14T,775.36,0.8979591836734694,70991.7,9155.966260833677
F24 - HOC - KITUI - SPIRITS,SPIRITS,24T,35696.61,F24 - BDC - KITUI - Spirits - 14T,774.09,0.8205128205128205,34922.520000000004,4511.428903615859
F24- NDC LOKICHOGIO -SPiniTs- 1477 SPIRITS,SPIRITS,24T,174354.8,F24 - BDC - LOKICHOGIO - Spirits - 14T,884.49,0.8,173470.31,19612.467071419687
F24- BOC. MAKONG- SEPIRNITIS - 147 SPIRITS,SPIRITS,24T,17435.64,F24 - BDC - MAKONGENI - Spirits - 14T,150.66,0.7368421052631579,17284.98,11472.839506172839
F29- HOC- MAKUTAND - 5PIRITS - 347 SPIRITS,SPIRITS,30T,23957.36,F24 - BDC - MAKUTANO - Spirits - 30T,310.21,0.6545454545454545,23647.15,7622.948970052546
F24- BOC - MATHARE EB- SPIRITS,SPIRITS,24T,10767.53,F24 - BDC - MATHARE EB - Spirits - 14T,346.46,0.8936170212765957,10421.070000000002,3007.871038503724
F24 - BOG - MAUA- SPIRITS,SPIRITS,24T,60626.59,F24 - BDC - MAUA - Spirits - 14T,225.09,0.8108108108108109,60401.5,26834.377360167044
F24 - BDC - MOMBASA - SPIRITS,SPIRITS,24T,104044.43,F24 - BDC - MOMBASA - Spirits - 14T,526.95,0.9302325581395349,103517.48,19644.649397476038
F24- BOC - MWIKi EO - SPIRITS,SPIRITS,24T,10767.53,F24 - BDC - MWIKI EB - Spirits - 14T,346.46,0.8372093023255814,10421.070000000002,3007.871038503724
F24- BDC- NAIROBI THT - SPIRITS,SPIRITS,24T,10767.53,F24 - BDC - NAIROBI THT - Spirits - 14T,346.46,0.9387755102040817,10421.070000000002,3007.871038503724
F24- DOG - NAIVASHA E1- SPIRITS,SPIRITS,24T,25099.15,F24 - BDC - NAIVASHA EB - Spirits - 14T,970.56,0.8163265306122449,24128.59,2486.04826079789
F24.- BOC - NAN-Y SPIURITSK - 1I4T SPIRITS,SPIRITS,5T,45196.86,F24 - BDC - NAIROBI THT - Spirits - 14T,346.46,0.6785714285714286,44850.4,12945.332794550597
F24- BDC - NAROK EB . SPIRITS,SPIRITS,24T,34523.52,F24 - BDC - NAROK EB - Spirits - 14T,587.26,0.9302325581395349,33936.259999999995,5778.745359806559
F24- BDC- NGARA EB - SPITS- 147 SPIRITS,SPIRITS,24T,10767.53,F24 - BDC - NGARA EB - Spirits - 14T,346.46,0.8235294117647058,10421.070000000002,3007.871038503724
F24 - BDC - NKUBU - SPIRITS,SPIRITS,24T,48136.24,F24 - BDC - NKUBU - Spirits - 14T,477.79,0.9230769230769231,47658.45,9974.76925008895
F24- BDC- NAB CITY CENT EB - SPIRITS,SPIRITS,24T,10767.53,F24 - BDC - NRB CITY CENT EB - Spirits - 14T,346.46,0.9090909090909091,10421.070000000002,3007.871038503724
F24.8DC . NABSHAIMOYO ES SPIRITS,SPIRITS,24T,10767.53,F24 - BDC - NRB SHRI MOYO EB - Spirits - 14T,346.46,0.8,10421.070000000002,3007.871038503724
F24 - BDC - RUIAU EB SPIRITS,SPIRITS,24T,14074.33,F24 - BDC - RUIRU EB - Spirits - 14T,720.74,0.8837209302325582,13353.59,1852.761051141882
F24- BDC- TALA- SPIRITS,SPIRITS,24T,25319.6,F24 - BDC - TALA - Spirits - 14T,195.51,0.918918918918919,25124.09,12850.539614341977
F24- BDC - BARADOGO - SPIRITS,SPIRITS,24T,16012.24,F24 - BDC - BABADOGO - Spirits - 14T,346.46,0.8888888888888888,15665.78,4521.670611325983
F24- NOC - BOMIET - SPIRITS,SPIRITS,24T,78287.5,F24 - BDC - BOMET - Spirits - 14T,352.39,0.8,77935.11,22116.15255824513
F24-OOC- OAGORETTICORNER. SPIRITS,SPIRITS,24T,16012.24,F24 - BDC - DAGORETTI CORNER - Spirits - 14T,346.46,0.847457627118644,15665.78,4521.670611325983
F24- BOC - DANDORA E6 - SPIRITS,SPIRITS,24T,16012.24,F24 - BDC - DANDORA EB - Spirits - 14T,346.46,0.851063829787234,15665.78,4521.670611325983
F24- BDC. ELOORET- SPIRITS,SPIRITS,24T,109474.54,F24 - BDC - ELDORET - Spirits - 14T,556.97,0.8837209302325582,108917.56999999999,19555.374616227084
F24- BOC- EMBU - SPIRITS,SPIRITS,24T,51056.23,F24 - BDC - EMBU - Spirits - 14T,900.12,0.8648648648648649,50156.11,5572.158156690219
F24- BDC. EMBU EB. SPIRITS,SPIRITS,24T,51056.23,F24 - BDC - EMBU EB - Spirits - 14T,900.12,0.926829268292683,50156.11,5572.158156690219
F24 . BDC . GITHUNGURI E6 - SPIRITS,SPIRITS,24T,26438.31,F24 - BDC - GITHUNGURI EB - Spirits - 14T,0.69,0.9056603773584906,26437.620000000003,3831539.130434783
F24 - DDC- KANGEMA EB - SPIRITS,SPIRITS,24T,44835.09,F24 - BDC - KANGEMA EB - Spirits - 14T,963.46,0.8936170212765957,43871.63,4553.549706266996
F24- BOC KAWANGWARE EB SPIRITS,SPIRITS,24T,16012.24,F24 - BDC - KAWANGWARE EB - Spirits - 14T,346.46,0.9056603773584906,15665.78,4521.670611325983
f24- BDC - KEAICHO EB - SPIRITS,SPIRITS,24T,90197.3,F24 - BDC - KERICHO EB - Spirits - 14T,850.8,0.8936170212765957,89346.5,10501.46920545369
F24 - BOC - KITHYUKO EB - SPIRITS,SPIRITS,24T,49278.76,F24 - BDC - KITHYUKO EB - Spirits - 14T,775.36,0.8979591836734694,48503.4,6255.597399917458
F24 - BOC - MACHAKOS - SPIRITS,SPIRITS,24T,29489.64,F24 - BDC - MACHAKOS - Spirits - 14T,931.53,0.8888888888888888,28558.11,3065.7209107597178
F24 - BDC - MERU - SPIRITS,SPIRITS,24T,79768.72,F24 - BDC - MERU - Spirits - 14T,289.7,0.918918918918919,79479.02,27434.939592682087
F24 - BOC - MOMBASA- SPIRITS,SPIRITS,24T,104642.36,F24 - BDC - MOMBASA - Spirits - 14T,526.95,0.8837209302325582,104115.41,19758.11936616377
F24 - BDC - NAIVASHA EB - SPIRITS,SPIRITS,24T,38525.07,F24 - BDC - NAIVASHA EB - Spirits - 14T,970.56,0.9387755102040817,37554.51,3869.3651088031656
F24 BOC - NGONG - SPIRITS,SPIRITS,24T,21048.41,F24 - BDC - NGONG - Spirits - 14T,533.28,0.8717948717948718,20515.13,3846.9715721572165
F24 - BOC - NKUBU - SPIRITS,SPIRITS,24T,75325.05,F24 - BDC - NKUBU - Spirits - 14T,477.79,0.8717948717948718,74847.26000000001,15665.304841038951
F24 - BOC- NYAHURURU - SPIRITS,SPIRITS,24T,65757.24,F24 - BDC - NYAHURURU - Spirits - 14T,835.51,0.8936170212765957,64921.73,7770.311546241219
F240 - IOC - NYALI- SPIRITS,SPIRITS,24T,107593.43,F24 - BDC - NYALI - Spirits - 14T,714.41,0.8,106879.01999999999,14960.459680015678
F24 - BOC- AUIRU ED - SPIRITS,SPIRITS,24T,21344.65,F24 - BDC - RUIRU EB - Spirits - 14T,720.74,0.7906976744186046,20623.91,2861.490967616616
F24 - BOC -ATHI RIVER- SPIRITS,SPIRITS,24T,7.57,F24 - BDC - ATHI RIVER - Spirits - 14T,696.17,0.8936170212765957,688.5999999999999,98.91262191706048
F24 - BDC- PANDORA EB - SPIRITS,SPIRITS,24T,7.57,F24 - BDC - DANDORA EB - Spirits - 14T,346.46,0.8936170212765957,338.89,97.81504358367489
F24 - BOC- EMBU - SPIRITS,SPIRITS,24T,29170.76,F24 - BDC - EMBU - Spirits - 14T,900.12,0.8648648648648649,28270.64,3140.7634537617205
