,destination,size,product_type,rate
0,-,14T,Nbo,51352.39
1,BOMET,14T,"51,352.39",51352.39
2,-,30T,Nbo,80244.39
3,BOMET,30T,"80,244.39",80244.39
4,-,7.5T,Nbo,40060.89
5,BOMET,7.5T,"40,060.89",40060.89
6,BOMET,P/UP,"41,434.88",41434.88
7,-,14T,Nbo,71556.97
8,ELDORET,14T,"71,556.97",71556.97
9,-,30T,Nbo,112067.9
10,ELDORET,30T,"112,067.90",112067.9
11,-,7.5T,Nbo,64505.51
12,ELDORET,7.5T,"64,505.51",64505.51
13,ELDORET,P/UP,"64,359.60",64359.6
14,-,14T,Nbo,58850.8
15,KERICHO,14T,"58,850.80",58850.8
16,-,30T,Nbo,92336.02
17,KERICHO,30T,"92,336.02",92336.02
18,-,7.5T,Nbo,45729.2
19,KERICHO,7.5T,"45,729.20",45729.2
20,KERICHO,P/UP,"35,587.16",35587.16
21,-,14T,Nbo,66224.13
22,KISII,14T,"66,224.13",66224.13
23,-,30T,Nbo,104032.22
24,KISII,30T,"104,032.22",104032.22
25,-,7.5T,Nbo,53894.98
26,KISII,7.5T,"53,894.98",53894.98
27,KISII,P/UP,"44,874.07",44874.07
28,-,14T,Nbo,85177.05
29,KITALE,14T,"85,177.05",85177.05
30,-,30T,Nbo,133726.11
31,KITALE,30T,"133,726.11",133726.11
32,-,7.5T,Nbo,66170.04
33,KITALE,7.5T,"66,170.04",66170.04
34,KITALE,P/UP,"71,233.06",71233.06
35,-,14T,Nbo,25970.56
36,NAIVASHA,14T,"25,970.56",25970.56
37,-,30T,Nbo,39670.48
38,NAIVASHA,30T,"39,670.48",39670.48
39,-,7.5T,Nbo,20732.08
40,NAIVASHA,7.5T,"20,732.08",20732.08
41,NAIVASHA,P/UP,"25,385.67",25385.67
42,-,14T,Nbo,39149.01
43,NAKURU,14T,"39,149.01",39149.01
44,-,30T,Nbo,60921.52
45,NAKURU,30T,"60,921.52",60921.52
46,-,7.5T,Nbo,32775.03
47,NAKURU,7.5T,"32,775.03",32775.03
48,NAKURU,P/UP,"32,661.15",32661.15
56,-,14T,Nbo,35587.26
57,NAROK,14T,"35,587.26",35587.26
58,-,30T,Nbo,55177.99
59,NAROK,30T,"55,177.99",55177.99
60,-,7.5T,Nbo,28001.7
61,NAROK,7.5T,"28,001.70",28001.7
62,NAROK,P/UP,"26,349.55",26349.55
63,-,14T,Nbo,42898.22
64,NJORO,14T,"42,898.22",42898.22
65,-,30T,Nbo,66967.33
66,NJORO,30T,"66,967.33",66967.33
67,-,7.5T,Nbo,33528.3
68,NJORO,7.5T,"33,528.30",33528.3
69,NJORO,P/UP,"33,612.86",33612.86
70,-,14T,Nbo,43835.51
71,NYAHURURU,14T,"43,835.51",43835.51
72,-,30T,Nbo,68478.78
73,NYAHURURU,30T,"68,478.78",68478.78
74,-,7.5T,Nbo,39762.37
75,NYAHURURU,7.5T,"39,762.37",39762.37
76,NYAHURURU,P/UP,"40,172.29",40172.29
77,-,14T,Nbo,51427.29
78,BOMET,14T,"51,427.29",51427.29
79,-,30T,Nbo,80387.37
80,BOMET,30T,"80,387.37",80387.37
81,-,7.5T,Nbo,40183.44
82,BOMET,7.5T,"40,183.44",40183.44
83,-,P/UP,Nbo,41434.88
85,-,14T,Nbo,26045.45
86,NAIVASHA,14T,"26,045.45",26045.45
87,-,30T,Nbo,39813.46
88,NAIVASHA,30T,"39,813.46",39813.46
89,-,7.5T,Nbo,20854.63
90,NAIVASHA,7.5T,"20,854.63",20854.63
91,-,P/UP,Nbo,25385.67
93,-,14T,Nbo,35662.16
94,NAROK,14T,"35,662.16",35662.16
95,-,30T,Nbo,55320.98
96,NAROK,30T,"55,320.98",55320.98
97,-,7.5T,Nbo,28124.25
98,NAROK,7.5T,"28,124.25",28124.25
99,-,P/UP,Nbo,26349.55
101,BOMET,14T,Beer,59893.87
102,BOMET,14T,"59,893.87",59893.87
103,BOMET,14T,Keg,59956.94
104,BOMET,14T,"59,956.94",59956.94
105,BOMET,14T,Spirit,59168.18
106,BOMET,14T,"59,168.18",59168.18
107,BOMET,30T,Beer,95625.97
108,BOMET,30T,"95,625.97",95625.97
109,BOMET,30T,Keg,95729.92
110,BOMET,30T,"95,729.92",95729.92
111,BOMET,30T,Spirit,94876.91
112,BOMET,30T,"94,876.91",94876.91
113,BOMET,7.5T,Beer,45938.54
114,BOMET,7.5T,"45,938.54",45938.54
115,BOMET,7.5T,Keg,45966.58
116,BOMET,7.5T,"45,966.58",45966.58
117,BOMET,7.5T,Spirit,45196.5
118,BOMET,7.5T,"45,196.50",45196.5
119,BOMET,P/UP,Beer,41626.79
120,BOMET,P/UP,"41,626.79",41626.79
121,BOMET,P/UP,Spirit,40926.79
122,BOMET,P/UP,"40,926.79",40926.79
123,BUNGOMA,14T,Beer,104372.05
124,BUNGOMA,14T,"104,372.05",104372.05
125,BUNGOMA,30T,Beer,115190.0
126,BUNGOMA,30T,"115,190.00",115190.0
127,BUNGOMA,7.5T,Beer,79483.51
128,BUNGOMA,7.5T,"79,483.51",79483.51
129,BUNGOMA,P/UP,Beer,71857.94
130,BUNGOMA,P/UP,"71,857.94",71857.94
131,ELDORET,14T,Beer,82990.52
132,ELDORET,14T,"82,990.52",82990.52
133,ELDORET,14T,Keg,83053.59
134,ELDORET,14T,"83,053.59",83053.59
135,ELDORET,14T,Spirit,82264.82
136,ELDORET,14T,"82,264.82",82264.82
137,ELDORET,30T,Beer,132924.14
138,ELDORET,30T,"132,924.14",132924.14
139,ELDORET,30T,Keg,133028.09
140,ELDORET,30T,"133,028.09",133028.09
141,ELDORET,30T,Spirit,132175.08
142,ELDORET,30T,"132,175.08",132175.08
143,ELDORET,7.5T,Beer,63507.47
144,ELDORET,7.5T,"63,507.47",63507.47
145,ELDORET,7.5T,Keg,63535.5
146,ELDORET,7.5T,"63,535.50",63535.5
147,ELDORET,7.5T,Spirit,62765.42
148,ELDORET,7.5T,"62,765.42",62765.42
149,ELDORET,P/UP,Beer,57424.68
150,ELDORET,P/UP,"57,424.68",57424.68
151,ELDORET,P/UP,Spirit,56724.68
152,ELDORET,P/UP,"56,724.68",56724.68
153,GILGIL,14T,Beer,37130.55
154,GILGIL,14T,"37,130.55",37130.55
155,GILGIL,14T,Spirit,36404.86
156,GILGIL,14T,"36,404.86",36404.86
157,GILGIL,30T,Beer,58277.52
158,GILGIL,30T,"58,277.52",58277.52
159,GILGIL,30T,Spirit,57814.62
160,GILGIL,30T,"57,814.62",57814.62
161,GILGIL,7.5T,Beer,28988.26
162,GILGIL,7.5T,"28,988.26",28988.26
163,GILGIL,7.5T,Spirit,28246.21
164,GILGIL,7.5T,"28,246.21",28246.21
165,GILGIL,P/UP,Beer,26241.53
166,GILGIL,P/UP,"26,241.53",26241.53
167,GILGIL,P/UP,Spirit,25582.41
168,GILGIL,P/UP,"25,582.41",25582.41
169,ITEN,14T,Beer,89993.59
170,ITEN,14T,"89,993.59",89993.59
171,ITEN,14T,Spirit,89267.9
172,ITEN,14T,"89,267.90",89267.9
173,ITEN,30T,Beer,144175.3
174,ITEN,30T,"144,175.30",144175.3
175,ITEN,30T,Spirit,143712.41
176,ITEN,30T,"143,712.41",143712.41
177,ITEN,7.5T,Beer,68817.44
178,ITEN,7.5T,"68,817.44",68817.44
179,ITEN,7.5T,Spirit,68075.39
180,ITEN,7.5T,"68,075.39",68075.39
181,ITEN,P/UP,Beer,62278.8
182,ITEN,P/UP,"62,278.80",62278.8
183,ITEN,P/UP,Spirit,61619.68
184,ITEN,P/UP,"61,619.68",61619.68
185,KABARNET,14T,Beer,84752.24
186,KABARNET,14T,"84,752.24",84752.24
187,KABARNET,14T,Spirit,78130.02
188,KABARNET,14T,"78,130.02",78130.02
189,KABARNET,30T,Beer,125800.0
190,KABARNET,30T,"125,800.00",125800.0
191,KABARNET,30T,Spirit,125050.94
192,KABARNET,30T,"125,050.94",125050.94
193,KABARNET,7.5T,Beer,60344.14
194,KABARNET,7.5T,"60,344.14",60344.14
195,KABARNET,7.5T,Spirit,60760.0
196,KABARNET,7.5T,"60,760.00",60760.0
197,KABARNET,P/UP,Beer,54565.23
198,KABARNET,P/UP,"54,565.23",54565.23
199,KABARNET,P/UP,Spirit,53865.23
200,KABARNET,P/UP,"53,865.23",53865.23
201,KAPSABET,14T,Beer,82693.29
202,KAPSABET,14T,"82,693.29",82693.29
203,KAPSABET,14T,Keg,105212.94
204,KAPSABET,14T,"105,212.94",105212.94
205,KAPSABET,14T,Spirit,81835.61
206,KAPSABET,14T,"81,835.61",81835.61
207,KAPSABET,30T,Beer,132448.83
208,KAPSABET,30T,"132,448.83",132448.83
209,KAPSABET,30T,Keg,132315.67
210,KAPSABET,30T,"132,315.67",132315.67
211,KAPSABET,30T,Spirit,131462.67
212,KAPSABET,30T,"131,462.67",131462.67
213,KAPSABET,7.5T,Beer,63260.05
214,KAPSABET,7.5T,"63,260.05",63260.05
215,KAPSABET,7.5T,Keg,63219.17
216,KAPSABET,7.5T,"63,219.17",63219.17
217,KAPSABET,7.5T,Spirit,62449.09
218,KAPSABET,7.5T,"62,449.09",62449.09
219,KAPSABET,P/UP,Beer,57138.73
220,KAPSABET,P/UP,"57,138.73",57138.73
221,KAPSABET,P/UP,Spirit,56438.73
222,KAPSABET,P/UP,"56,438.73",56438.73
223,KERICHO,14T,Beer,68478.03
224,KERICHO,14T,"68,478.03",68478.03
225,KERICHO,14T,Keg,69335.07
226,KERICHO,14T,"69,335.07",69335.07
227,KERICHO,14T,Spirit,67752.33
228,KERICHO,14T,"67,752.33",67752.33
229,KERICHO,30T,Beer,109874.25
230,KERICHO,30T,"109,874.25",109874.25
231,KERICHO,30T,Keg,109978.2
232,KERICHO,30T,"109,978.20",109978.2
233,KERICHO,30T,Spirit,109125.2
234,KERICHO,30T,"109,125.20",109125.2
235,KERICHO,7.5T,Beer,52265.22
236,KERICHO,7.5T,"52,265.22",52265.22
237,KERICHO,7.5T,Keg,52334.13
238,KERICHO,7.5T,"52,334.13",52334.13
239,KERICHO,7.5T,Spirit,51523.17
240,KERICHO,7.5T,"51,523.17",51523.17
241,KERICHO,P/UP,Beer,47345.69
242,KERICHO,P/UP,"47,345.69",47345.69
243,KERICHO,P/UP,Spirit,46645.69
244,KERICHO,P/UP,"46,645.69",46645.69
245,KISII,14T,Beer,77462.18
246,KISII,14T,"77,462.18",77462.18
247,KISII,14T,Keg,77525.25
248,KISII,14T,"77,525.25",77525.25
249,KISII,14T,Spirit,76736.49
250,KISII,14T,"76,736.49",76736.49
251,KISII,30T,Beer,124305.75
252,KISII,30T,"124,305.75",124305.75
253,KISII,30T,Keg,124409.7
254,KISII,30T,"124,409.70",124409.7
255,KISII,30T,Spirit,123556.69
256,KISII,30T,"123,556.69",123556.69
257,KISII,7.5T,Beer,58879.02
258,KISII,7.5T,"58,879.02",58879.02
259,KISII,7.5T,Keg,58907.05
260,KISII,7.5T,"58,907.05",58907.05
261,KISII,7.5T,Spirit,58136.97
262,KISII,7.5T,"58,136.97",58136.97
263,KISII,P/UP,Beer,52850.52
264,KISII,P/UP,"52,850.52",52850.52
265,KISII,P/UP,Spirit,52150.52
266,KISII,P/UP,"52,150.52",52150.52
267,KITALE,14T,Beer,98577.75
268,KITALE,14T,"98,577.75",98577.75
269,KITALE,14T,Keg,98709.73
270,KITALE,14T,"98,709.73",98709.73
271,KITALE,14T,Spirit,97852.05
272,KITALE,14T,"97,852.05",97852.05
273,KITALE,30T,Beer,101968.56
274,KITALE,30T,"101,968.56",101968.56
275,KITALE,30T,Keg,98449.12
276,KITALE,30T,"98,449.12",98449.12
277,KITALE,30T,Spirit,157674.53
278,KITALE,30T,"157,674.53",157674.53
279,KITALE,7.5T,Beer,70980.0
280,KITALE,7.5T,"70,980.00",70980.0
281,KITALE,7.5T,Keg,75213.01
282,KITALE,7.5T,"75,213.01",75213.01
283,KITALE,7.5T,Spirit,74402.05
284,KITALE,7.5T,"74,402.05",74402.05
285,KITALE,P/UP,Beer,67997.69
286,KITALE,P/UP,"67,997.69",67997.69
287,KITALE,P/UP,Spirit,67297.69
288,KITALE,P/UP,"67,297.69",67297.69
289,LANET,14T,Beer,48504.56
290,LANET,14T,"48,504.56",48504.56
291,LANET,14T,Spirit,47778.86
292,LANET,14T,"47,778.86",47778.86
293,LANET,30T,Beer,77156.49
294,LANET,30T,"77,156.49",77156.49
295,LANET,30T,Spirit,76693.6
296,LANET,30T,"76,693.60",76693.6
297,LANET,7.5T,Beer,37371.09
298,LANET,7.5T,"37,371.09",37371.09
299,LANET,7.5T,Spirit,36629.04
300,LANET,7.5T,"36,629.04",36629.04
301,LANET,P/UP,Beer,33819.06
302,LANET,P/UP,"33,819.06",33819.06
303,LANET,P/UP,Spirit,33159.94
304,LANET,P/UP,"33,159.94",33159.94
305,MEMORIAL,14T,Spirit,13385.35
306,MEMORIAL,14T,"13,385.35",13385.35
307,MEMORIAL,30T,Spirit,20351.59
308,MEMORIAL,30T,"20,351.59",20351.59
309,MEMORIAL,7.5T,Spirit,10983.28
310,MEMORIAL,7.5T,"10,983.28",10983.28
311,MEMORIAL,P/UP,Spirit,9869.31
312,MEMORIAL,P/UP,"9,869.31",9869.31
313,MOGOTIO,14T,Beer,58525.67
314,MOGOTIO,14T,"58,525.67",58525.67
315,MOGOTIO,14T,Spirit,58459.1
316,MOGOTIO,14T,"58,459.10",58459.1
317,MOGOTIO,30T,Beer,92316.54
318,MOGOTIO,30T,"92,316.54",92316.54
319,MOGOTIO,30T,Spirit,91853.64
320,MOGOTIO,30T,"91,853.64",91853.64
321,MOGOTIO,7.5T,Beer,45476.46
322,MOGOTIO,7.5T,"45,476.46",45476.46
323,MOGOTIO,7.5T,Spirit,50860.0
324,MOGOTIO,7.5T,"50,860.00",50860.0
325,MOGOTIO,P/UP,Beer,41125.83
326,MOGOTIO,P/UP,"41,125.83",41125.83
327,MOGOTIO,P/UP,Spirit,40466.71
328,MOGOTIO,P/UP,"40,466.71",40466.71
329,NAIVASHA,14T,Beer,30842.66
330,NAIVASHA,14T,"30,842.66",30842.66
331,NAIVASHA,14T,Keg,46396.48
332,NAIVASHA,14T,"46,396.48",46396.48
333,NAIVASHA,14T,Spirit,30116.96
334,NAIVASHA,14T,"30,116.96",30116.96
335,NAIVASHA,30T,Beer,47840.66
336,NAIVASHA,30T,"47,840.66",47840.66
337,NAIVASHA,30T,Keg,41259.01
338,NAIVASHA,30T,"41,259.01",41259.01
339,NAIVASHA,30T,Spirit,47091.6
340,NAIVASHA,30T,"47,091.60",47091.6
341,NAIVASHA,7.5T,Beer,24353.97
342,NAIVASHA,7.5T,"24,353.97",24353.97
343,NAIVASHA,7.5T,Keg,24382.01
344,NAIVASHA,7.5T,"24,382.01",24382.01
345,NAIVASHA,7.5T,Spirit,23611.93
346,NAIVASHA,7.5T,"23,611.93",23611.93
347,NAIVASHA,P/UP,Beer,22052.44
348,NAIVASHA,P/UP,"22,052.44",22052.44
349,NAIVASHA,P/UP,Spirit,21352.44
350,NAIVASHA,P/UP,"21,352.44",21352.44
351,NAKURU,14T,Beer,45929.31
352,NAKURU,14T,"45,929.31",45929.31
353,NAKURU,14T,Keg,45992.38
354,NAKURU,14T,"45,992.38",45992.38
355,NAKURU,14T,Spirit,45203.61
356,NAKURU,14T,"45,203.61",45203.61
357,NAKURU,30T,Beer,54931.67
358,NAKURU,30T,"54,931.67",54931.67
359,NAKURU,30T,Keg,72985.96
360,NAKURU,30T,"72,985.96",72985.96
361,NAKURU,30T,Spirit,72132.95
362,NAKURU,30T,"72,132.95",72132.95
363,NAKURU,7.5T,Beer,35473.09
364,NAKURU,7.5T,"35,473.09",35473.09
365,NAKURU,7.5T,Keg,35501.12
366,NAKURU,7.5T,"35,501.12",35501.12
367,NAKURU,7.5T,Spirit,34731.04
368,NAKURU,7.5T,"34,731.04",34731.04
369,NAKURU,P/UP,Beer,32103.39
370,NAKURU,P/UP,"32,103.39",32103.39
371,NAKURU,P/UP,Spirit,31403.39
372,NAKURU,P/UP,"31,403.39",31403.39
373,NAROK,14T,Beer,41851.84
374,NAROK,14T,"41,851.84",41851.84
375,NAROK,14T,Keg,41914.91
376,NAROK,14T,"41,914.91",41914.91
377,NAROK,14T,Spirit,41126.14
378,NAROK,14T,"41,126.14",41126.14
379,NAROK,30T,Beer,43476.98
380,NAROK,30T,"43,476.98",43476.98
381,NAROK,30T,Keg,66218.03
382,NAROK,30T,"66,218.03",66218.03
383,NAROK,30T,Spirit,65365.02
384,NAROK,30T,"65,365.02",65365.02
385,NAROK,7.5T,Beer,32467.93
386,NAROK,7.5T,"32,467.93",32467.93
387,NAROK,7.5T,Keg,32495.96
388,NAROK,7.5T,"32,495.96",32495.96
389,NAROK,7.5T,Spirit,31725.88
390,NAROK,7.5T,"31,725.88",31725.88
391,NAROK,P/UP,Beer,29386.92
392,NAROK,P/UP,"29,386.92",29386.92
393,NAROK,P/UP,Spirit,28686.92
394,NAROK,P/UP,"28,686.92",28686.92
395,NJORO,14T,Keg,50284.46
396,NJORO,14T,"50,284.46",50284.46
397,NJORO,14T,Spirit,57862.5
398,NJORO,14T,"57,862.50",57862.5
399,NJORO,30T,Keg,80110.11
400,NJORO,30T,"80,110.11",80110.11
401,NJORO,30T,Spirit,79257.1
402,NJORO,30T,"79,257.10",79257.1
403,NJORO,7.5T,Keg,38664.46
404,NJORO,7.5T,"38,664.46",38664.46
405,NJORO,7.5T,Spirit,40727.56
406,NJORO,7.5T,"40,727.56",40727.56
407,NJORO,P/UP,Spirit,34262.84
408,NJORO,P/UP,"34,262.84",34262.84
409,NYAHURURU,14T,Beer,51294.41
410,NYAHURURU,14T,"51,294.41",51294.41
411,NYAHURURU,14T,Keg,51357.48
412,NYAHURURU,14T,"51,357.48",51357.48
413,NYAHURURU,14T,Spirit,50568.71
414,NYAHURURU,14T,"50,568.71",50568.71
415,NYAHURURU,30T,Beer,81787.19
416,NYAHURURU,30T,"81,787.19",81787.19
417,NYAHURURU,30T,Keg,81891.14
418,NYAHURURU,30T,"81,891.14",81891.14
419,NYAHURURU,30T,Spirit,81038.13
420,NYAHURURU,30T,"81,038.13",81038.13
421,NYAHURURU,7.5T,Beer,39427.26
422,NYAHURURU,7.5T,"39,427.26",39427.26
423,NYAHURURU,7.5T,Keg,39455.29
424,NYAHURURU,7.5T,"39,455.29",39455.29
425,NYAHURURU,7.5T,Spirit,38685.21
426,NYAHURURU,7.5T,"38,685.21",38685.21
427,NYAHURURU,P/UP,Beer,35677.7
428,NYAHURURU,P/UP,"35,677.70",35677.7
429,NYAHURURU,P/UP,Spirit,34977.7
430,NYAHURURU,P/UP,"34,977.70",34977.7
431,-,14T,Nbo,12696.17
432,RIVER,14T,"12,696.17",12696.17
433,-,30T,Nbo,18874.7
434,RIVER,30T,"18,874.70",18874.7
435,-,7.5T,Nbo,16499.55
436,RIVER,7.5T,"16,499.55",16499.55
437,RIVER,P/UP,"12,403.03",12403.03
438,-,14T,Nbo,11346.46
439,BABADOGO,14T,"11,346.46",11346.46
440,-,30T,Nbo,16698.21
441,BABADOGO,30T,"16,698.21",16698.21
442,-,7.5T,Nbo,16052.66
443,BABADOGO,7.5T,"16,052.66",16052.66
444,BABADOGO,P/UP,"12,403.03",12403.03
446,BURUBURU,14T,"11,346.46",11346.46
448,BURUBURU,30T,"16,698.21",16698.21
449,-,7.5T,Nbo,16052.67
450,BURUBURU,7.5T,"16,052.67",16052.67
451,BURUBURU,P/UP,"12,403.03",12403.03
453,CORNER,14T,"11,346.46",11346.46
455,CORNER,30T,"16,698.21",16698.21
457,CORNER,7.5T,"16,052.67",16052.67
458,CORNER,P/UP,"12,403.03",12403.03
460,DANDORA,14T,"11,346.46",11346.46
462,DANDORA,30T,"16,698.21",16698.21
464,DANDORA,7.5T,"16,052.67",16052.67
465,DANDORA,P/UP,"12,403.03",12403.03
467,GIKOMBA,14T,"11,346.46",11346.46
469,GIKOMBA,30T,"16,698.21",16698.21
471,GIKOMBA,7.5T,"16,052.67",16052.67
472,GIKOMBA,P/UP,"12,403.03",12403.03
474,THT,14T,"11,346.46",11346.46
476,THT,30T,"16,698.21",16698.21
478,THT,7.5T,"16,052.67",16052.67
479,THT,P/UP,"12,403.03",12403.03
481,KAWANGWARE,14T,"11,346.46",11346.46
483,KAWANGWARE,30T,"16,698.21",16698.21
485,KAWANGWARE,7.5T,"16,052.67",16052.67
486,KAWANGWARE,P/UP,"12,403.03",12403.03
488,KIBERA,14T,"11,346.46",11346.46
490,KIBERA,30T,"16,698.21",16698.21
492,KIBERA,7.5T,"16,052.66",16052.66
493,KIBERA,P/UP,"12,403.03",12403.03
494,-,14T,Nbo,13277.3
495,LIMURU,14T,"13,277.30",13277.3
496,-,30T,Nbo,19811.8
497,LIMURU,30T,"19,811.80",19811.8
499,LIMURU,7.5T,"16,052.66",16052.66
500,LIMURU,P/UP,"12,403.03",12403.03
502,MATHARE,14T,"11,346.46",11346.46
504,MATHARE,30T,"16,698.21",16698.21
506,MATHARE,7.5T,"16,052.67",16052.67
507,MATHARE,P/UP,"12,403.03",12403.03
509,MWIKI,14T,"11,346.46",11346.46
511,MWIKI,30T,"16,698.21",16698.21
513,MWIKI,7.5T,"16,052.66",16052.66
514,MWIKI,P/UP,"12,403.03",12403.03
516,NAIROBI,14T,"11,346.46",11346.46
518,NAIROBI,30T,"16,698.21",16698.21
520,NAIROBI,7.5T,"16,052.67",16052.67
521,NAIROBI,P/UP,"12,403.03",12403.03
530,EB,14T,"11,346.46",11346.46
532,EB,30T,"16,698.21",16698.21
534,EB,7.5T,"16,052.67",16052.67
535,EB,P/UP,"12,403.03",12403.03
536,-,14T,Nbo,14533.28
537,NGONG,14T,"14,533.28",14533.28
538,-,30T,Nbo,21837.15
539,NGONG,30T,"21,837.15",21837.15
540,-,7.5T,Nbo,16657.98
541,NGONG,7.5T,"16,657.98",16657.98
542,NGONG,P/UP,"12,403.03",12403.03
551,AREA,14T,"11,346.46",11346.46
553,AREA,30T,"16,698.21",16698.21
555,AREA,7.5T,"16,052.67",16052.67
556,AREA,P/UP,"12,403.03",12403.03
564,-,14T,Nbo,12771.07
565,RIVER,14T,"12,771.07",12771.07
566,-,30T,Nbo,19017.68
567,RIVER,30T,"19,017.68",19017.68
568,-,7.5T,Nbo,16622.1
569,RIVER,7.5T,"16,622.10",16622.1
570,-,P/UP,Nbo,12403.03
572,-,14T,Nbo,11421.35
573,BURUBURU,14T,"11,421.35",11421.35
574,-,30T,Nbo,16841.19
575,BURUBURU,30T,"16,841.19",16841.19
576,-,7.5T,Nbo,16772.67
577,BURUBURU,7.5T,"16,772.67",16772.67
581,CORNER,14T,"11,421.35",11421.35
583,CORNER,30T,"16,841.19",16841.19
585,CORNER,7.5T,"16,772.67",16772.67
588,TRANSFER-,30T,Nbo,20477.04
589,BDC-EAML,30T,"20,477.04",20477.04
591,GIKOMBA,14T,"11,421.35",11421.35
593,GIKOMBA,30T,"16,841.19",16841.19
595,GIKOMBA,7.5T,"16,772.67",16772.67
599,HURUMA,14T,"11,421.35",11421.35
601,HURUMA,30T,"16,841.19",16841.19
603,HURUMA,7.5T,"16,772.67",16772.67
605,HURUMA,P/UP,"12,403.03",12403.03
607,THT,14T,"11,421.35",11421.35
609,THT,30T,"16,841.19",16841.19
611,THT,7.5T,"16,772.67",16772.67
615,KAYOLE,14T,"11,421.35",11421.35
617,KAYOLE,30T,"16,841.19",16841.19
619,KAYOLE,7.5T,"16,772.67",16772.67
621,KAYOLE,P/UP,"12,403.03",12403.03
622,-,14T,Nbo,13352.19
623,LIMURU,14T,"13,352.19",13352.19
624,-,30T,Nbo,19954.78
625,LIMURU,30T,"19,954.78",19954.78
627,LIMURU,7.5T,"16,772.67",16772.67
631,NAIROBI,14T,"11,421.35",11421.35
633,NAIROBI,30T,"16,841.19",16841.19
634,-,7.5T,Nbo,16772.66
635,NAIROBI,7.5T,"16,772.66",16772.66
646,-,14T,Nbo,14608.18
647,NGONG,14T,"14,608.18",14608.18
648,-,30T,Nbo,21980.13
649,NGONG,30T,"21,980.13",21980.13
650,-,7.5T,Nbo,16862.68
651,NGONG,7.5T,"16,862.68",16862.68
655,AREA,14T,"11,421.35",11421.35
657,AREA,30T,"16,841.19",16841.19
659,AREA,7.5T,"16,772.67",16772.67
662,-,14T,Nbo,12433.64
663,RONGAI,14T,"12,433.64",12433.64
664,-,30T,Nbo,18473.56
665,RONGAI,30T,"18,473.56",18473.56
666,-,7.5T,Nbo,16924.56
667,RONGAI,7.5T,"16,924.56",16924.56
669,RONGAI,P/UP,"12,403.03",12403.03
671,RUAKA,14T,"11,421.35",11421.35
673,RUAKA,30T,"16,841.19",16841.19
675,RUAKA,7.5T,"16,772.67",16772.67
677,RUAKA,P/UP,"12,403.03",12403.03
678,TRANSFER-,30T,Nbo,23757.22
679,NBO-DDC,30T,"23,757.22",23757.22
681,NBO-EAML,30T,"23,757.22",23757.22
682,ATHIRIVER,14T,Beer,15656.19
683,ATHIRIVER,14T,"15,656.19",15656.19
684,ATHIRIVER,14T,Spirit,20503.43
685,ATHIRIVER,14T,"20,503.43",20503.43
686,ATHIRIVER,30T,Beer,24637.12
687,ATHIRIVER,30T,"24,637.12",24637.12
688,ATHIRIVER,30T,Spirit,22630.12
689,ATHIRIVER,30T,"22,630.12",22630.12
690,ATHIRIVER,7.5T,Beer,12864.13
691,ATHIRIVER,7.5T,"12,864.13",12864.13
692,ATHIRIVER,7.5T,Spirit,24271.98
693,ATHIRIVER,7.5T,"24,271.98",24271.98
694,ATHIRIVER,P/UP,Beer,11557.83
695,ATHIRIVER,P/UP,"11,557.83",11557.83
696,ATHIRIVER,P/UP,Spirit,10857.83
697,ATHIRIVER,P/UP,"10,857.83",10857.83
698,DOGO,14T,Keg,14174.12
699,DOGO,14T,"14,174.12",14174.12
700,DOGO,30T,Keg,20918.44
701,DOGO,30T,"20,918.44",20918.44
702,DOGO,7.5T,Keg,11753.36
703,DOGO,7.5T,"11,753.36",11753.36
704,BURUBURU,14T,Beer,15742.53
705,BURUBURU,14T,"15,742.53",15742.53
706,BURUBURU,14T,Keg,14174.12
707,BURUBURU,14T,"14,174.12",14174.12
708,BURUBURU,14T,Spirit,13385.35
709,BURUBURU,14T,"13,385.35",13385.35
710,BURUBURU,30T,Beer,19441.67
711,BURUBURU,30T,"19,441.67",19441.67
712,BURUBURU,30T,Keg,20918.44
713,BURUBURU,30T,"20,918.44",20918.44
714,BURUBURU,30T,Spirit,20065.43
715,BURUBURU,30T,"20,065.43",20065.43
716,BURUBURU,7.5T,Beer,11725.33
717,BURUBURU,7.5T,"11,725.33",11725.33
718,BURUBURU,7.5T,Keg,11753.36
719,BURUBURU,7.5T,"11,753.36",11753.36
720,BURUBURU,7.5T,Spirit,10983.28
721,BURUBURU,7.5T,"10,983.28",10983.28
722,BURUBURU,P/UP,Beer,10528.43
723,BURUBURU,P/UP,"10,528.43",10528.43
724,BURUBURU,P/UP,Spirit,9828.43
725,BURUBURU,P/UP,"9,828.43",9828.43
726,CORNER,14T,Beer,14111.04
727,CORNER,14T,"14,111.04",14111.04
728,CORNER,14T,Spirit,13385.35
729,CORNER,14T,"13,385.35",13385.35
730,CORNER,30T,Beer,19770.32
731,CORNER,30T,"19,770.32",19770.32
732,CORNER,30T,Spirit,20065.43
733,CORNER,30T,"20,065.43",20065.43
734,CORNER,7.5T,Beer,11725.33
735,CORNER,7.5T,"11,725.33",11725.33
736,CORNER,7.5T,Spirit,10983.28
737,CORNER,7.5T,"10,983.28",10983.28
738,CORNER,P/UP,Beer,10528.43
739,CORNER,P/UP,"10,528.43",10528.43
740,CORNER,P/UP,Spirit,9828.43
741,CORNER,P/UP,"9,828.43",9828.43
742,DANDORA,14T,Beer,14243.03
743,DANDORA,14T,"14,243.03",14243.03
744,DANDORA,14T,Keg,16576.72
745,DANDORA,14T,"16,576.72",16576.72
746,DANDORA,14T,Spirit,13385.35
747,DANDORA,14T,"13,385.35",13385.35
748,DANDORA,30T,Beer,21051.59
749,DANDORA,30T,"21,051.59",21051.59
750,DANDORA,30T,Keg,21051.59
752,DANDORA,30T,Spirit,20065.43
753,DANDORA,30T,"20,065.43",20065.43
754,DANDORA,7.5T,Beer,11794.24
755,DANDORA,7.5T,"11,794.24",11794.24
756,DANDORA,7.5T,Keg,18606.52
757,DANDORA,7.5T,"18,606.52",18606.52
758,DANDORA,7.5T,Spirit,12011.47
759,DANDORA,7.5T,"12,011.47",12011.47
760,DANDORA,P/UP,Beer,10528.43
761,DANDORA,P/UP,"10,528.43",10528.43
762,DANDORA,P/UP,Spirit,9828.43
763,DANDORA,P/UP,"9,828.43",9828.43
764,EMBAKASI,14T,Beer,14111.04
765,EMBAKASI,14T,"14,111.04",14111.04
766,EMBAKASI,14T,Spirit,13385.35
767,EMBAKASI,14T,"13,385.35",13385.35
768,EMBAKASI,30T,Beer,20814.48
769,EMBAKASI,30T,"20,814.48",20814.48
770,EMBAKASI,30T,Spirit,20351.59
771,EMBAKASI,30T,"20,351.59",20351.59
772,EMBAKASI,7.5T,Beer,11725.33
773,EMBAKASI,7.5T,"11,725.33",11725.33
774,EMBAKASI,7.5T,Spirit,10983.28
775,EMBAKASI,7.5T,"10,983.28",10983.28
776,EMBAKASI,P/UP,Beer,10528.43
777,EMBAKASI,P/UP,"10,528.43",10528.43
778,EMBAKASI,P/UP,Spirit,9869.31
779,EMBAKASI,P/UP,"9,869.31",9869.31
780,GIKOMBA,14T,Beer,16534.24
781,GIKOMBA,14T,"16,534.24",16534.24
782,GIKOMBA,14T,Spirit,13385.35
783,GIKOMBA,14T,"13,385.35",13385.35
784,GIKOMBA,30T,Beer,20814.48
785,GIKOMBA,30T,"20,814.48",20814.48
786,GIKOMBA,30T,Spirit,20065.43
787,GIKOMBA,30T,"20,065.43",20065.43
788,GIKOMBA,7.5T,Beer,11977.51
789,GIKOMBA,7.5T,"11,977.51",11977.51
790,GIKOMBA,7.5T,Spirit,10983.28
791,GIKOMBA,7.5T,"10,983.28",10983.28
792,GIKOMBA,P/UP,Beer,10528.43
793,GIKOMBA,P/UP,"10,528.43",10528.43
794,GIKOMBA,P/UP,Spirit,9828.43
795,GIKOMBA,P/UP,"9,828.43",9828.43
796,GITHUNGURI,14T,Keg,19937.38
797,GITHUNGURI,14T,"19,937.38",19937.38
798,GITHUNGURI,30T,Keg,26867.1
799,GITHUNGURI,30T,"26,867.10",26867.1
800,GITHUNGURI,7.5T,Keg,20587.9
801,GITHUNGURI,7.5T,"20,587.90",20587.9
802,GITHURAI,14T,Keg,14174.12
803,GITHURAI,14T,"14,174.12",14174.12
804,GITHURAI,14T,Spirit,13385.35
805,GITHURAI,14T,"13,385.35",13385.35
806,GITHURAI,30T,Keg,20918.44
807,GITHURAI,30T,"20,918.44",20918.44
808,GITHURAI,30T,Spirit,20065.43
809,GITHURAI,30T,"20,065.43",20065.43
810,GITHURAI,7.5T,Keg,15160.52
811,GITHURAI,7.5T,"15,160.52",15160.52
812,GITHURAI,7.5T,Spirit,10983.28
813,GITHURAI,7.5T,"10,983.28",10983.28
814,GITHURAI,P/UP,Spirit,9828.43
815,GITHURAI,P/UP,"9,828.43",9828.43
816,DEF,14T,Beer,14111.04
817,DEF,14T,"14,111.04",14111.04
818,DEF,14T,Spirit,13385.35
819,DEF,14T,"13,385.35",13385.35
820,DEF,30T,Beer,20814.48
821,DEF,30T,"20,814.48",20814.48
822,DEF,30T,Spirit,20351.59
823,DEF,30T,"20,351.59",20351.59
824,DEF,7.5T,Beer,11725.33
825,DEF,7.5T,"11,725.33",11725.33
826,DEF,7.5T,Spirit,10983.28
827,DEF,7.5T,"10,983.28",10983.28
828,DEF,P/UP,Beer,10528.43
829,DEF,P/UP,"10,528.43",10528.43
830,DEF,P/UP,Spirit,9869.31
831,DEF,P/UP,"9,869.31",9869.31
832,HURLIGHUM,P/UP,Beer,10528.43
833,HURLIGHUM,P/UP,"10,528.43",10528.43
834,HURUMA,14T,Beer,14111.04
835,HURUMA,14T,"14,111.04",14111.04
836,HURUMA,14T,Spirit,13385.35
837,HURUMA,14T,"13,385.35",13385.35
838,HURUMA,30T,Beer,17452.01
839,HURUMA,30T,"17,452.01",17452.01
840,HURUMA,30T,Spirit,20065.43
841,HURUMA,30T,"20,065.43",20065.43
842,HURUMA,7.5T,Beer,11725.33
843,HURUMA,7.5T,"11,725.33",11725.33
844,HURUMA,7.5T,Spirit,10983.28
845,HURUMA,7.5T,"10,983.28",10983.28
846,HURUMA,P/UP,Beer,10528.43
847,HURUMA,P/UP,"10,528.43",10528.43
848,HURUMA,P/UP,Spirit,9828.43
849,HURUMA,P/UP,"9,828.43",9828.43
850,AREA,14T,Beer,14111.04
851,AREA,14T,"14,111.04",14111.04
852,AREA,14T,Spirit,13385.35
853,AREA,14T,"13,385.35",13385.35
854,AREA,30T,Beer,19612.13
855,AREA,30T,"19,612.13",19612.13
856,AREA,30T,Spirit,20065.43
857,AREA,30T,"20,065.43",20065.43
858,AREA,7.5T,Beer,11725.33
859,AREA,7.5T,"11,725.33",11725.33
860,AREA,7.5T,Spirit,10983.28
861,AREA,7.5T,"10,983.28",10983.28
862,AREA,P/UP,Beer,10528.43
863,AREA,P/UP,"10,528.43",10528.43
864,AREA,P/UP,Spirit,9828.43
865,AREA,P/UP,"9,828.43",9828.43
866,KAHAWA,14T,Spirit,13385.35
867,KAHAWA,14T,"13,385.35",13385.35
868,KAHAWA,30T,Spirit,20351.59
869,KAHAWA,30T,"20,351.59",20351.59
870,KAHAWA,7.5T,Spirit,10983.28
871,KAHAWA,7.5T,"10,983.28",10983.28
872,KAHAWA,P/UP,Spirit,9869.31
873,KAHAWA,P/UP,"9,869.31",9869.31
874,KAREN,14T,Spirit,13664.33
875,KAREN,14T,"13,664.33",13664.33
876,KAREN,30T,Spirit,20814.65
877,KAREN,30T,"20,814.65",20814.65
878,KAREN,7.5T,Spirit,11188.9
879,KAREN,7.5T,"11,188.90",11188.9
880,KAREN,P/UP,Spirit,10055.18
881,KAREN,P/UP,"10,055.18",10055.18
882,KAWANGWARE,14T,Keg,14174.12
883,KAWANGWARE,14T,"14,174.12",14174.12
884,KAWANGWARE,14T,Spirit,13385.35
885,KAWANGWARE,14T,"13,385.35",13385.35
886,KAWANGWARE,30T,Keg,20918.44
887,KAWANGWARE,30T,"20,918.44",20918.44
888,KAWANGWARE,30T,Spirit,20065.43
889,KAWANGWARE,30T,"20,065.43",20065.43
890,KAWANGWARE,7.5T,Keg,11753.36
891,KAWANGWARE,7.5T,"11,753.36",11753.36
892,KAWANGWARE,7.5T,Spirit,10983.28
893,KAWANGWARE,7.5T,"10,983.28",10983.28
894,KAWANGWARE,P/UP,Spirit,9828.43
895,KAWANGWARE,P/UP,"9,828.43",9828.43
896,KIAMBU,14T,Beer,14243.03
897,KIAMBU,14T,"14,243.03",14243.03
898,KIAMBU,14T,Keg,14942.56
899,KIAMBU,14T,"14,942.56",14942.56
900,KIAMBU,14T,Spirit,13385.35
901,KIAMBU,14T,"13,385.35",13385.35
902,KIAMBU,30T,Beer,21051.59
903,KIAMBU,30T,"21,051.59",21051.59
904,KIAMBU,30T,Keg,20918.44
905,KIAMBU,30T,"20,918.44",20918.44
906,KIAMBU,30T,Spirit,20065.43
907,KIAMBU,30T,"20,065.43",20065.43
908,KIAMBU,7.5T,Beer,11794.24
909,KIAMBU,7.5T,"11,794.24",11794.24
910,KIAMBU,7.5T,Keg,11753.36
911,KIAMBU,7.5T,"11,753.36",11753.36
912,KIAMBU,7.5T,Spirit,10983.28
913,KIAMBU,7.5T,"10,983.28",10983.28
914,KIAMBU,P/UP,Beer,10528.43
915,KIAMBU,P/UP,"10,528.43",10528.43
916,KIAMBU,P/UP,Spirit,9828.43
917,KIAMBU,P/UP,"9,828.43",9828.43
918,KIBERA,14T,Beer,14243.03
919,KIBERA,14T,"14,243.03",14243.03
920,KIBERA,14T,Keg,14174.12
921,KIBERA,14T,"14,174.12",14174.12
922,KIBERA,14T,Spirit,13385.35
923,KIBERA,14T,"13,385.35",13385.35
924,KIBERA,30T,Beer,21051.59
925,KIBERA,30T,"21,051.59",21051.59
926,KIBERA,30T,Keg,20918.44
927,KIBERA,30T,"20,918.44",20918.44
928,KIBERA,30T,Spirit,20065.43
929,KIBERA,30T,"20,065.43",20065.43
930,KIBERA,7.5T,Beer,11794.24
931,KIBERA,7.5T,"11,794.24",11794.24
932,KIBERA,7.5T,Keg,11753.36
933,KIBERA,7.5T,"11,753.36",11753.36
934,KIBERA,7.5T,Spirit,10983.28
935,KIBERA,7.5T,"10,983.28",10983.28
936,KIBERA,P/UP,Beer,10528.43
937,KIBERA,P/UP,"10,528.43",10528.43
938,KIBERA,P/UP,Spirit,9828.43
939,KIBERA,P/UP,"9,828.43",9828.43
940,KIKUYU,14T,Spirit,13385.35
941,KIKUYU,14T,"13,385.35",13385.35
942,KIKUYU,30T,Spirit,20351.59
943,KIKUYU,30T,"20,351.59",20351.59
944,KIKUYU,7.5T,Spirit,10983.28
945,KIKUYU,7.5T,"10,983.28",10983.28
946,KIKUYU,P/UP,Spirit,9869.31
947,KIKUYU,P/UP,"9,869.31",9869.31
948,DEPOT,30T,Beer,110744.93
949,DEPOT,30T,"110,744.93",110744.93
950,KITENGELA,14T,Spirit,39865.26
951,KITENGELA,14T,"39,865.26",39865.26
952,KITENGELA,30T,Spirit,23627.5
953,KITENGELA,30T,"23,627.50",23627.5
954,KITENGELA,7.5T,Spirit,16421.74
955,KITENGELA,7.5T,"16,421.74",16421.74
956,KITENGELA,P/UP,Spirit,11258.15
957,KITENGELA,P/UP,"11,258.15",11258.15
958,LANGATA,14T,Spirit,13857.48
959,LANGATA,14T,"13,857.48",13857.48
960,LANGATA,30T,Spirit,21135.25
961,LANGATA,30T,"21,135.25",21135.25
962,LANGATA,7.5T,Spirit,11331.24
963,LANGATA,7.5T,"11,331.24",11331.24
964,LANGATA,P/UP,Spirit,10183.85
965,LANGATA,P/UP,"10,183.85",10183.85
966,LIMURU,14T,Beer,16321.46
967,LIMURU,14T,"16,321.46",16321.46
968,LIMURU,14T,Keg,16384.54
969,LIMURU,14T,"16,384.54",16384.54
970,LIMURU,14T,Spirit,15595.77
971,LIMURU,14T,"15,595.77",15595.77
972,LIMURU,30T,Beer,25531.99
973,LIMURU,30T,"25,531.99",25531.99
974,LIMURU,30T,Keg,24587.37
975,LIMURU,30T,"24,587.37",24587.37
976,LIMURU,30T,Spirit,23734.36
977,LIMURU,30T,"23,734.36",23734.36
978,LIMURU,7.5T,Beer,13354.45
979,LIMURU,7.5T,"13,354.45",13354.45
980,LIMURU,7.5T,Keg,13382.48
981,LIMURU,7.5T,"13,382.48",13382.48
982,LIMURU,7.5T,Spirit,12612.4
983,LIMURU,7.5T,"12,612.40",12612.4
984,LIMURU,P/UP,Beer,12001.05
985,LIMURU,P/UP,"12,001.05",12001.05
986,LIMURU,P/UP,Spirit,11301.05
987,LIMURU,P/UP,"11,301.05",11301.05
988,MAB,14T,Spirit,13385.35
989,MAB,14T,"13,385.35",13385.35
990,MAB,30T,Spirit,20065.43
991,MAB,30T,"20,065.43",20065.43
992,MAB,7.5T,Spirit,10983.28
993,MAB,7.5T,"10,983.28",10983.28
994,MAB,P/UP,Spirit,9828.43
995,MAB,P/UP,"9,828.43",9828.43
996,MATHARE,14T,Beer,14243.03
997,MATHARE,14T,"14,243.03",14243.03
998,MATHARE,14T,Spirit,13385.35
999,MATHARE,14T,"13,385.35",13385.35
1000,MATHARE,30T,Beer,21051.59
1001,MATHARE,30T,"21,051.59",21051.59
1002,MATHARE,30T,Spirit,20065.43
1003,MATHARE,30T,"20,065.43",20065.43
1004,MATHARE,7.5T,Beer,11794.24
1005,MATHARE,7.5T,"11,794.24",11794.24
1006,MATHARE,7.5T,Spirit,10983.28
1007,MATHARE,7.5T,"10,983.28",10983.28
1008,MATHARE,P/UP,Beer,10528.43
1009,MATHARE,P/UP,"10,528.43",10528.43
1010,MATHARE,P/UP,Spirit,9828.43
1011,MATHARE,P/UP,"9,828.43",9828.43
1012,MLOLONGO,14T,Keg,17565.97
1013,MLOLONGO,14T,"17,565.97",17565.97
1014,MLOLONGO,30T,Keg,23483.13
1015,MLOLONGO,30T,"23,483.13",23483.13
1016,MLOLONGO,7.5T,Keg,12892.16
1017,MLOLONGO,7.5T,"12,892.16",12892.16
1018,MWIKI,14T,Beer,14243.03
1019,MWIKI,14T,"14,243.03",14243.03
1020,MWIKI,14T,Keg,19925.97
1021,MWIKI,14T,"19,925.97",19925.97
1022,MWIKI,14T,Spirit,13385.35
1023,MWIKI,14T,"13,385.35",13385.35
1024,MWIKI,30T,Beer,21051.59
1025,MWIKI,30T,"21,051.59",21051.59
1026,MWIKI,30T,Keg,20918.44
1027,MWIKI,30T,"20,918.44",20918.44
1028,MWIKI,30T,Spirit,20065.43
1029,MWIKI,30T,"20,065.43",20065.43
1030,MWIKI,7.5T,Beer,11794.24
1031,MWIKI,7.5T,"11,794.24",11794.24
1032,MWIKI,7.5T,Keg,14994.72
1033,MWIKI,7.5T,"14,994.72",14994.72
1034,MWIKI,7.5T,Spirit,10983.28
1035,MWIKI,7.5T,"10,983.28",10983.28
1036,MWIKI,P/UP,Beer,10528.43
1037,MWIKI,P/UP,"10,528.43",10528.43
1038,MWIKI,P/UP,Spirit,9828.43
1039,MWIKI,P/UP,"9,828.43",9828.43
1040,NAIROBI,14T,Beer,14111.04
1041,NAIROBI,14T,"14,111.04",14111.04
1042,NAIROBI,14T,Spirit,13385.35
1043,NAIROBI,14T,"13,385.35",13385.35
1044,NAIROBI,30T,Beer,20814.48
1045,NAIROBI,30T,"20,814.48",20814.48
1046,NAIROBI,30T,Spirit,20065.43
1047,NAIROBI,30T,"20,065.43",20065.43
1048,NAIROBI,7.5T,Beer,11725.33
1049,NAIROBI,7.5T,"11,725.33",11725.33
1050,NAIROBI,7.5T,Spirit,10983.28
1051,NAIROBI,7.5T,"10,983.28",10983.28
1052,NAIROBI,P/UP,Beer,10528.43
1053,NAIROBI,P/UP,"10,528.43",10528.43
1054,NAIROBI,P/UP,Spirit,9869.31
1055,NAIROBI,P/UP,"9,869.31",9869.31
1056,THT,14T,Beer,14243.03
1057,THT,14T,"14,243.03",14243.03
1058,THT,14T,Spirit,13543.03
1059,THT,14T,"13,543.03",13543.03
1060,THT,30T,Beer,21051.59
1061,THT,30T,"21,051.59",21051.59
1062,THT,30T,Spirit,20351.59
1063,THT,30T,"20,351.59",20351.59
1064,THT,7.5T,Beer,11794.24
1065,THT,7.5T,"11,794.24",11794.24
1066,THT,7.5T,Spirit,11094.24
1067,THT,7.5T,"11,094.24",11094.24
1068,THT,P/UP,Beer,10528.43
1069,THT,P/UP,"10,528.43",10528.43
1070,THT,P/UP,Spirit,9869.31
1071,THT,P/UP,"9,869.31",9869.31
1072,NGARA,14T,Keg,14174.12
1073,NGARA,14T,"14,174.12",14174.12
1074,NGARA,14T,Spirit,13385.35
1075,NGARA,14T,"13,385.35",13385.35
1076,NGARA,30T,Keg,20918.44
1077,NGARA,30T,"20,918.44",20918.44
1078,NGARA,30T,Spirit,20065.43
1079,NGARA,30T,"20,065.43",20065.43
1080,NGARA,7.5T,Keg,14994.72
1081,NGARA,7.5T,"14,994.72",14994.72
1082,NGARA,7.5T,Spirit,11642.4
1083,NGARA,7.5T,"11,642.40",11642.4
1084,NGARA,P/UP,Spirit,9828.43
1085,EB,P/UP,"9,828.43",9828.43
1086,NGONG,14T,Beer,17759.3
1087,NGONG,14T,"17,759.30",17759.3
1088,NGONG,14T,Keg,20815.06
1089,NGONG,14T,"20,815.06",20815.06
1090,NGONG,14T,Spirit,18302.04
1091,NGONG,14T,"18,302.04",18302.04
1092,NGONG,30T,Beer,27978.21
1093,NGONG,30T,"27,978.21",27978.21
1094,NGONG,30T,Keg,26973.95
1095,NGONG,30T,"26,973.95",26973.95
1096,NGONG,30T,Spirit,26120.95
1097,NGONG,30T,"26,120.95",26120.95
1098,NGONG,7.5T,Beer,14414.16
1099,NGONG,7.5T,"14,414.16",14414.16
1100,NGONG,7.5T,Keg,14442.2
1101,NGONG,7.5T,"14,442.20",14442.2
1102,NGONG,7.5T,Spirit,16421.74
1103,NGONG,7.5T,"16,421.74",16421.74
1104,NGONG,P/UP,Beer,12958.96
1105,NGONG,P/UP,"12,958.96",12958.96
1106,NGONG,P/UP,Spirit,12258.96
1107,NGONG,P/UP,"12,258.96",12258.96
1108,CENT,14T,Keg,14174.12
1109,EB,14T,"14,174.12",14174.12
1110,CENT,14T,Spirit,13385.35
1111,EB,14T,"13,385.35",13385.35
1112,CENT,30T,Keg,20918.44
1113,EB,30T,"20,918.44",20918.44
1114,CENT,30T,Spirit,20351.59
1115,EB,30T,"20,351.59",20351.59
1116,CENT,7.5T,Keg,11753.36
1117,EB,7.5T,"11,753.36",11753.36
1118,CENT,7.5T,Spirit,10983.28
1119,EB,7.5T,"10,983.28",10983.28
1120,CENT,P/UP,Spirit,9869.31
1121,EB,P/UP,"9,869.31",9869.31
1122,JERICHO,14T,Keg,14174.12
1124,JERICHO,14T,Spirit,13385.35
1126,JERICHO,30T,Keg,20918.44
1128,JERICHO,30T,Spirit,20065.43
1129,EB,30T,"20,065.43",20065.43
1130,JERICHO,7.5T,Keg,11753.36
1132,JERICHO,7.5T,Spirit,10983.28
1134,JERICHO,P/UP,Spirit,9828.43
1136,NASRA,14T,Beer,14243.03
1137,EB,14T,"14,243.03",14243.03
1138,NASRA,14T,Keg,14243.03
1140,NASRA,14T,Spirit,13385.35
1142,NASRA,30T,Beer,21051.59
1143,EB,30T,"21,051.59",21051.59
1144,NASRA,30T,Keg,21051.59
1146,NASRA,30T,Spirit,20065.43
1148,NASRA,7.5T,Beer,11794.24
1149,EB,7.5T,"11,794.24",11794.24
1150,NASRA,7.5T,Keg,11794.24
1152,NASRA,7.5T,Spirit,10983.28
1154,NASRA,P/UP,Beer,10528.43
1155,EB,P/UP,"10,528.43",10528.43
1156,NASRA,P/UP,Spirit,9828.43
1158,PIPELINE,14T,Keg,14174.12
1159,PIPELINE,14T,"14,174.12",14174.12
1160,PIPELINE,14T,Spirit,13385.35
1161,PIPELINE,14T,"13,385.35",13385.35
1162,PIPELINE,30T,Keg,20918.44
1163,PIPELINE,30T,"20,918.44",20918.44
1164,PIPELINE,30T,Spirit,20351.59
1165,PIPELINE,30T,"20,351.59",20351.59
1166,PIPELINE,7.5T,Keg,11753.36
1167,PIPELINE,7.5T,"11,753.36",11753.36
1168,PIPELINE,7.5T,Spirit,10983.28
1169,PIPELINE,7.5T,"10,983.28",10983.28
1170,PIPELINE,P/UP,Spirit,9869.31
1171,PIPELINE,P/UP,"9,869.31",9869.31
1172,RONGAI,14T,Beer,15401.88
1173,RONGAI,14T,"15,401.88",15401.88
1174,RONGAI,14T,Keg,23923.01
1175,RONGAI,14T,"23,923.01",23923.01
1176,RONGAI,14T,Spirit,14544.2
1177,RONGAI,14T,"14,544.20",14544.2
1178,RONGAI,30T,Beer,22975.11
1179,RONGAI,30T,"22,975.11",22975.11
1180,RONGAI,30T,Keg,30381.9
1181,RONGAI,30T,"30,381.90",30381.9
1182,RONGAI,30T,Spirit,22275.11
1183,RONGAI,30T,"22,275.11",22275.11
1184,RONGAI,7.5T,Beer,12648.35
1185,RONGAI,7.5T,"12,648.35",12648.35
1186,RONGAI,7.5T,Keg,12607.47
1187,RONGAI,7.5T,"12,607.47",12607.47
1188,RONGAI,7.5T,Spirit,11837.39
1189,RONGAI,7.5T,"11,837.39",11837.39
1190,RONGAI,P/UP,Beer,11300.48
1191,RONGAI,P/UP,"11,300.48",11300.48
1192,RONGAI,P/UP,Spirit,10641.36
1193,RONGAI,P/UP,"10,641.36",10641.36
1194,SAIKA,14T,Keg,14174.12
1195,SAIKA,14T,"14,174.12",14174.12
1196,SAIKA,30T,Keg,20918.44
1197,SAIKA,30T,"20,918.44",20918.44
1198,SAIKA,7.5T,Keg,11753.36
1199,SAIKA,7.5T,"11,753.36",11753.36
1200,MOYO,14T,Keg,20041.1
1201,MOYO,14T,"20,041.10",20041.1
1202,MOYO,14T,Spirit,13385.35
1204,MOYO,30T,Keg,20918.44
1205,MOYO,30T,"20,918.44",20918.44
1206,MOYO,30T,Spirit,20351.59
1208,MOYO,7.5T,Keg,14887.94
1209,MOYO,7.5T,"14,887.94",14887.94
1210,MOYO,7.5T,Spirit,10983.28
1212,MOYO,P/UP,Spirit,9869.31
1214,UMOJA,14T,Keg,14174.12
1216,UMOJA,14T,Spirit,13385.35
1218,UMOJA,30T,Keg,20918.44
1220,UMOJA,30T,Spirit,20065.43
1222,UMOJA,7.5T,Keg,11753.36
1224,UMOJA,7.5T,Spirit,10983.28
1226,UMOJA,P/UP,Spirit,9828.43
1228,UTHIRU,14T,Keg,14174.12
1229,UTHIRU,14T,"14,174.12",14174.12
1230,UTHIRU,14T,Spirit,13385.35
1231,UTHIRU,14T,"13,385.35",13385.35
1232,UTHIRU,30T,Keg,20918.44
1233,UTHIRU,30T,"20,918.44",20918.44
1234,UTHIRU,30T,Spirit,20065.43
1235,UTHIRU,30T,"20,065.43",20065.43
1236,UTHIRU,7.5T,Keg,12956.76
1237,UTHIRU,7.5T,"12,956.76",12956.76
1238,UTHIRU,7.5T,Spirit,10983.28
1239,UTHIRU,7.5T,"10,983.28",10983.28
1240,UTHIRU,P/UP,Spirit,9828.43
1241,UTHIRU,P/UP,"9,828.43",9828.43
1242,-,14T,Nbo,33900.12
1243,EMBU,14T,"33,900.12",33900.12
1244,-,30T,Nbo,52457.38
1245,EMBU,30T,"52,457.38",52457.38
1246,-,7.5T,Nbo,31125.27
1247,EMBU,7.5T,"31,125.27",31125.27
1254,-,14T,Nbo,17794.48
1255,GATUNDU,14T,"17,794.48",17794.48
1256,-,30T,Nbo,27004.54
1257,GATUNDU,30T,"27,004.54",27004.54
1258,-,7.5T,Nbo,14344.92
1259,GATUNDU,7.5T,"14,344.92",14344.92
1260,GATUNDU,P/UP,"34,713.37",34713.37
1261,-,14T,Nbo,18000.69
1262,GITHUNGURI,14T,"18,000.69",18000.69
1263,-,30T,Nbo,27337.06
1264,GITHUNGURI,30T,"27,337.06",27337.06
1265,-,7.5T,Nbo,14500.8
1266,GITHUNGURI,7.5T,"14,500.80",14500.8
1267,GITHUNGURI,P/UP,"35,391.27",35391.27
1268,-,14T,Nbo,62954.36
1269,ISIOLO,14T,"62,954.36",62954.36
1270,-,30T,Nbo,98574.47
1271,ISIOLO,30T,"98,574.47",98574.47
1272,-,7.5T,Nbo,49040.41
1273,ISIOLO,7.5T,"49,040.41",49040.41
1274,ISIOLO,P/UP,"51,305.53",51305.53
1275,-,14T,Nbo,15189.39
1276,JUJA,14T,"15,189.39",15189.39
1277,-,30T,Nbo,22895.17
1278,JUJA,30T,"22,895.17",22895.17
1279,-,7.5T,Nbo,12339.18
1280,JUJA,7.5T,"12,339.18",12339.18
1281,JUJA,P/UP,"26,640.25",26640.25
1282,-,14T,Nbo,29776.0
1283,KAGIO,14T,"29,776.00",29776.0
1284,-,30T,Nbo,45806.98
1285,KAGIO,30T,"45,806.98",45806.98
1286,-,7.5T,Nbo,23608.75
1287,KAGIO,7.5T,"23,608.75",23608.75
1288,KAGIO,P/UP,"71,319.76",71319.76
1289,-,14T,Nbo,29963.46
1290,EB,14T,"29,963.46",29963.46
1291,-,30T,Nbo,46109.27
1292,EB,30T,"46,109.27",46109.27
1293,-,7.5T,Nbo,23750.46
1294,EB,7.5T,"23,750.46",23750.46
1295,EB,P/UP,"71,936.03",71936.03
1296,-,14T,Nbo,33150.28
1297,KARATINA,14T,"33,150.28",33150.28
1298,-,30T,Nbo,51248.22
1299,KARATINA,30T,"51,248.22",51248.22
1300,-,7.5T,Nbo,29035.44
1301,KARATINA,7.5T,"29,035.44",29035.44
1302,KARATINA,P/UP,"29,170.35",29170.35
1303,-,14T,Nbo,178884.49
1304,LOKICHOGIO,14T,"178,884.49",178884.49
1305,-,30T,Nbo,283721.54
1306,LOKICHOGIO,30T,"283,721.54",283721.54
1307,-,7.5T,Nbo,137567.0
1308,LOKICHOGIO,7.5T,"137,567.00",137567.0
1309,LOKICHOGIO,P/UP,"128,945.94",128945.94
1310,-,14T,Nbo,18150.66
1311,MAKONGENI,14T,"18,150.66",18150.66
1312,-,30T,Nbo,27578.89
1313,MAKONGENI,30T,"27,578.89",27578.89
1314,-,7.5T,Nbo,14614.16
1315,MAKONGENI,7.5T,"14,614.16",14614.16
1316,MAKONGENI,P/UP,"35,884.28",35884.28
1317,-,14T,Nbo,24805.49
1318,MAKUTANO,14T,"24,805.49",24805.49
1319,-,30T,Nbo,38310.21
1320,MAKUTANO,30T,"38,310.21",38310.21
1321,-,7.5T,Nbo,19644.79
1322,MAKUTANO,7.5T,"19,644.79",19644.79
1323,MAKUTANO,P/UP,"57,761.84",57761.84
1324,-,14T,Nbo,62225.09
1325,MAUA,14T,"62,225.09",62225.09
1326,-,30T,Nbo,97777.25
1327,MAUA,30T,"97,777.25",97777.25
1328,-,7.5T,Nbo,51459.94
1329,MAUA,7.5T,"51,459.94",51459.94
1330,MAUA,P/UP,"48,466.42",48466.42
1338,-,14T,Nbo,52289.7
1339,MERU,14T,"52,289.70",52289.7
1340,-,30T,Nbo,81755.84
1341,MERU,30T,"81,755.84",81755.84
1342,-,7.5T,Nbo,47274.84
1343,MERU,7.5T,"47,274.84",47274.84
1344,MERU,P/UP,"48,466.42",48466.42
1345,-,14T,Nbo,24543.05
1346,MURANG'A,14T,"24,543.05",24543.05
1347,-,30T,Nbo,37887.0
1348,MURANG'A,30T,"37,887.00",37887.0
1349,-,7.5T,Nbo,19446.4
1350,MURANG'A,7.5T,"19,446.40",19446.4
1351,MURANG'A,P/UP,"56,899.06",56899.06
1359,-,14T,Nbo,28145.1
1360,MWEA,14T,"28,145.10",28145.1
1361,-,30T,Nbo,43177.06
1362,MWEA,30T,"43,177.06",43177.06
1363,-,7.5T,Nbo,22375.89
1364,MWEA,7.5T,"22,375.89",22375.89
1365,MWEA,P/UP,"65,958.22",65958.22
1366,-,14T,Nbo,46478.42
1367,NANYUKI,14T,"46,478.42",46478.42
1368,-,30T,Nbo,72384.83
1369,NANYUKI,30T,"72,384.83",72384.83
1370,-,7.5T,Nbo,36376.48
1371,NANYUKI,7.5T,"36,376.48",36376.48
1372,NANYUKI,P/UP,"36,592.68",36592.68
1373,-,14T,Nbo,49477.79
1374,NKUBU,14T,"49,477.79",49477.79
1375,-,30T,Nbo,77221.48
1376,NKUBU,30T,"77,221.48",77221.48
1377,-,7.5T,Nbo,38643.81
1378,NKUBU,7.5T,"38,643.81",38643.81
1379,NKUBU,P/UP,"39,572.50",39572.5
1380,-,14T,Nbo,38211.71
1381,NYERI,14T,"38,211.71",38211.71
1382,-,30T,Nbo,59410.06
1383,NYERI,30T,"59,410.06",59410.06
1384,-,7.5T,Nbo,29985.61
1385,NYERI,7.5T,"29,985.61",29985.61
1386,NYERI,P/UP,"28,956.89",28956.89
1387,-,14T,Nbo,14720.74
1388,RUIRU,14T,"14,720.74",14720.74
1389,-,30T,Nbo,22139.44
1390,RUIRU,30T,"22,139.44",22139.44
1391,-,7.5T,Nbo,11984.91
1392,RUIRU,7.5T,"11,984.91",11984.91
1393,RUIRU,P/UP,"25,099.57",25099.57
1401,-,14T,Nbo,17157.12
1402,THIKA,14T,"17,157.12",17157.12
1403,-,30T,Nbo,25976.74
1404,THIKA,30T,"25,976.74",25976.74
1405,-,7.5T,Nbo,16332.58
1406,THIKA,7.5T,"16,332.58",16332.58
1407,THIKA,P/UP,"18,381.17",18381.17
1415,-,14T,Nbo,33975.02
1416,EMBU,14T,"33,975.02",33975.02
1417,-,30T,Nbo,52600.36
1418,EMBU,30T,"52,600.36",52600.36
1419,-,7.5T,Nbo,31158.21
1420,EMBU,7.5T,"31,158.21",31158.21
1421,-,P/UP,Nbo,30618.12
1422,EMBU,P/UP,"30,618.12",30618.12
1423,-,14T,Nbo,17869.38
1424,GATUNDU,14T,"17,869.38",17869.38
1425,-,30T,Nbo,27147.52
1426,GATUNDU,30T,"27,147.52",27147.52
1427,-,7.5T,Nbo,14467.47
1428,GATUNDU,7.5T,"14,467.47",14467.47
1429,-,P/UP,Nbo,34713.37
1431,-,14T,Nbo,63029.25
1432,ISIOLO,14T,"63,029.25",63029.25
1433,-,30T,Nbo,98717.45
1434,ISIOLO,30T,"98,717.45",98717.45
1435,-,7.5T,Nbo,49162.97
1436,ISIOLO,7.5T,"49,162.97",49162.97
1437,-,P/UP,Nbo,51305.53
1439,-,14T,Nbo,15264.29
1440,JUJA,14T,"15,264.29",15264.29
1441,-,30T,Nbo,23038.14
1442,JUJA,30T,"23,038.14",23038.14
1443,-,7.5T,Nbo,12461.74
1444,JUJA,7.5T,"12,461.74",12461.74
1445,-,P/UP,Nbo,26640.25
1447,-,14T,Nbo,29850.89
1448,KAGIO,14T,"29,850.89",29850.89
1449,-,30T,Nbo,45949.96
1450,KAGIO,30T,"45,949.96",45949.96
1451,-,7.5T,Nbo,23731.3
1452,KAGIO,7.5T,"23,731.30",23731.3
1453,-,P/UP,Nbo,71319.76
1455,-,14T,Nbo,178959.39
1456,LOKICHOGIO,14T,"178,959.39",178959.39
1457,-,30T,Nbo,283864.53
1458,LOKICHOGIO,30T,"283,864.53",283864.53
1459,-,7.5T,Nbo,137689.56
1460,LOKICHOGIO,7.5T,"137,689.56",137689.56
1461,-,P/UP,Nbo,101174.57
1462,LOKICHOGIO,P/UP,"101,174.57",101174.57
1463,-,14T,Nbo,24880.39
1464,MAKUTANO,14T,"24,880.39",24880.39
1465,-,30T,Nbo,38453.18
1466,MAKUTANO,30T,"38,453.18",38453.18
1467,-,7.5T,Nbo,19767.35
1468,MAKUTANO,7.5T,"19,767.35",19767.35
1469,-,P/UP,Nbo,57761.84
1471,-,14T,Nbo,62299.98
1472,MAUA,14T,"62,299.98",62299.98
1473,-,30T,Nbo,97920.23
1474,MAUA,30T,"97,920.23",97920.23
1475,-,7.5T,Nbo,51545.16
1476,MAUA,7.5T,"51,545.16",51545.16
1477,-,P/UP,Nbo,48466.42
1479,-,14T,Nbo,52364.59
1480,MERU,14T,"52,364.59",52364.59
1481,-,30T,Nbo,81898.82
1482,MERU,30T,"81,898.82",81898.82
1483,-,7.5T,Nbo,47307.77
1484,MERU,7.5T,"47,307.77",47307.77
1487,-,14T,Nbo,24617.94
1488,MURANG'A,14T,"24,617.94",24617.94
1489,-,30T,Nbo,38029.98
1490,MURANG'A,30T,"38,029.98",38029.98
1491,-,7.5T,Nbo,19568.96
1492,MURANG'A,7.5T,"19,568.96",19568.96
1493,-,P/UP,Nbo,56899.06
1495,-,14T,Nbo,46553.32
1496,NANYUKI,14T,"46,553.32",46553.32
1497,-,30T,Nbo,72527.82
1498,NANYUKI,30T,"72,527.82",72527.82
1499,-,7.5T,Nbo,36499.03
1500,NANYUKI,7.5T,"36,499.03",36499.03
1501,-,P/UP,Nbo,36592.68
1503,-,14T,Nbo,49552.68
1504,NKUBU,14T,"49,552.68",49552.68
1505,-,30T,Nbo,77364.46
1506,NKUBU,30T,"77,364.46",77364.46
1507,-,7.5T,Nbo,38766.36
1508,NKUBU,7.5T,"38,766.36",38766.36
1509,-,P/UP,Nbo,39572.5
1511,-,14T,Nbo,47865.54
1512,NYAHURURU,14T,"47,865.54",47865.54
1513,-,30T,Nbo,74643.85
1514,NYAHURURU,30T,"74,643.85",74643.85
1515,-,7.5T,Nbo,42412.36
1516,NYAHURURU,7.5T,"42,412.36",42412.36
1517,-,P/UP,Nbo,40172.29
1519,-,14T,Nbo,38286.6
1520,NYERI,14T,"38,286.60",38286.6
1521,-,30T,Nbo,59553.05
1522,NYERI,30T,"59,553.05",59553.05
1523,-,7.5T,Nbo,30108.16
1524,NYERI,7.5T,"30,108.16",30108.16
1525,-,P/UP,Nbo,28956.89
1527,-,14T,Nbo,14795.64
1528,RUIRU,14T,"14,795.64",14795.64
1529,-,30T,Nbo,22282.42
1530,RUIRU,30T,"22,282.42",22282.42
1531,-,7.5T,Nbo,12107.46
1532,RUIRU,7.5T,"12,107.46",12107.46
1533,-,P/UP,Nbo,25099.57
1535,-,14T,Nbo,17232.01
1536,THIKA,14T,"17,232.01",17232.01
1537,-,30T,Nbo,26119.73
1538,THIKA,30T,"26,119.73",26119.73
1539,-,7.5T,Nbo,16365.51
1540,THIKA,7.5T,"16,365.51",16365.51
1541,-,P/UP,Nbo,18381.17
1543,CHUKA,14T,Beer,45285.5
1544,CHUKA,14T,"45,285.50",45285.5
1545,CHUKA,14T,Keg,47286.35
1546,CHUKA,14T,"47,286.35",47286.35
1547,CHUKA,14T,Spirit,44559.81
1548,CHUKA,14T,"44,559.81",44559.81
1549,CHUKA,30T,Beer,71813.39
1550,CHUKA,30T,"71,813.39",71813.39
1551,CHUKA,30T,Keg,76292.8
1552,CHUKA,30T,"76,292.80",76292.8
1553,CHUKA,30T,Spirit,71064.33
1554,CHUKA,30T,"71,064.33",71064.33
1555,CHUKA,7.5T,Beer,35067.5
1556,CHUKA,7.5T,"35,067.50",35067.5
1557,CHUKA,7.5T,Keg,35026.62
1558,CHUKA,7.5T,"35,026.62",35026.62
1559,CHUKA,7.5T,Spirit,34256.54
1560,CHUKA,7.5T,"34,256.54",34256.54
1561,CHUKA,P/UP,Beer,31674.47
1562,CHUKA,P/UP,"31,674.47",31674.47
1563,CHUKA,P/UP,Spirit,30974.47
1564,CHUKA,P/UP,"30,974.47",30974.47
1565,DONYO,14T,Keg,24069.69
1566,DONYO,14T,"24,069.69",24069.69
1567,DONYO,14T,Spirit,23212.01
1568,DONYO,14T,"23,212.01",23212.01
1569,DONYO,30T,Keg,37250.39
1570,DONYO,30T,"37,250.39",37250.39
1571,DONYO,30T,Spirit,36264.23
1572,DONYO,30T,"36,264.23",36264.23
1573,DONYO,7.5T,Keg,19081.23
1574,DONYO,7.5T,"19,081.23",19081.23
1575,DONYO,7.5T,Spirit,18270.27
1576,DONYO,7.5T,"18,270.27",18270.27
1577,DONYO,P/UP,Spirit,16472.55
1578,DONYO,P/UP,"16,472.55",16472.55
1579,EMBU,14T,Beer,36057.53
1580,EMBU,14T,"36,057.53",36057.53
1581,EMBU,14T,Keg,36120.6
1582,EMBU,14T,"36,120.60",36120.6
1583,EMBU,14T,Spirit,35331.84
1584,EMBU,14T,"35,331.84",35331.84
1585,EMBU,30T,Beer,61825.61
1586,EMBU,30T,"61,825.61",61825.61
1587,EMBU,30T,Keg,43243.54
1588,EMBU,30T,"43,243.54",43243.54
1589,EMBU,30T,Spirit,55747.43
1590,EMBU,30T,"55,747.43",55747.43
1591,EMBU,7.5T,Beer,28197.42
1592,EMBU,7.5T,"28,197.42",28197.42
1593,EMBU,7.5T,Keg,28225.45
1594,EMBU,7.5T,"28,225.45",28225.45
1595,EMBU,7.5T,Spirit,27455.37
1596,EMBU,7.5T,"27,455.37",27455.37
1597,EMBU,P/UP,Beer,25526.67
1598,EMBU,P/UP,"25,526.67",25526.67
1599,EMBU,P/UP,Spirit,24826.67
1600,EMBU,P/UP,"24,826.67",24826.67
1601,GARISSA,14T,Beer,92022.83
1602,GARISSA,14T,"92,022.83",92022.83
1603,GARISSA,14T,Spirit,91297.14
1604,GARISSA,14T,"91,297.14",91297.14
1605,GARISSA,30T,Beer,152578.2
1606,GARISSA,30T,"152,578.20",152578.2
1607,GARISSA,30T,Spirit,146871.52
1608,GARISSA,30T,"146,871.52",146871.52
1609,GARISSA,7.5T,Beer,70282.29
1610,GARISSA,7.5T,"70,282.29",70282.29
1611,GARISSA,7.5T,Spirit,69540.25
1612,GARISSA,7.5T,"69,540.25",69540.25
1613,GARISSA,P/UP,Beer,63708.53
1614,GARISSA,P/UP,"63,708.53",63708.53
1615,GARISSA,P/UP,Spirit,63008.53
1616,GARISSA,P/UP,"63,008.53",63008.53
1617,GATUNDU,14T,Beer,17458.86
1618,GATUNDU,14T,"17,458.86",17458.86
1619,GATUNDU,14T,Spirit,16733.17
1620,GATUNDU,14T,"16,733.17",16733.17
1621,GATUNDU,30T,Beer,25996.41
1622,GATUNDU,30T,"25,996.41",25996.41
1623,GATUNDU,30T,Spirit,25622.26
1624,GATUNDU,30T,"25,622.26",25622.26
1625,GATUNDU,7.5T,Beer,14192.73
1626,GATUNDU,7.5T,"14,192.73",14192.73
1627,GATUNDU,7.5T,Spirit,13450.68
1628,GATUNDU,7.5T,"13,450.68",13450.68
1629,GATUNDU,P/UP,Beer,12758.8
1630,GATUNDU,P/UP,"12,758.80",12758.8
1631,GATUNDU,P/UP,Spirit,12058.8
1632,GATUNDU,P/UP,"12,058.80",12058.8
1633,GILGIL,14T,Keg,37193.62
1634,GILGIL,14T,"37,193.62",37193.62
1635,GILGIL,30T,Keg,58381.47
1636,GILGIL,30T,"58,381.47",58381.47
1637,GILGIL,7.5T,Keg,29016.29
1638,GILGIL,7.5T,"29,016.29",29016.29
1639,GITHUNGURI,14T,Spirit,16969.23
1640,GITHUNGURI,14T,"16,969.23",16969.23
1641,GITHUNGURI,30T,Spirit,26014.09
1642,GITHUNGURI,30T,"26,014.09",26014.09
1643,GITHUNGURI,7.5T,Spirit,13624.67
1644,GITHUNGURI,7.5T,"13,624.67",13624.67
1645,GITHUNGURI,P/UP,Spirit,12216.06
1646,GITHUNGURI,P/UP,"12,216.06",12216.06
1647,IKUTHA,14T,Keg,63244.91
1648,IKUTHA,14T,"63,244.91",63244.91
1649,IKUTHA,14T,Spirit,62387.23
1650,IKUTHA,14T,"62,387.23",62387.23
1651,IKUTHA,30T,Keg,101206.18
1652,IKUTHA,30T,"101,206.18",101206.18
1653,IKUTHA,30T,Spirit,100506.18
1654,IKUTHA,30T,"100,506.18",100506.18
1655,IKUTHA,7.5T,Keg,48379.96
1656,IKUTHA,7.5T,"48,379.96",48379.96
1657,IKUTHA,7.5T,Spirit,47569.0
1658,IKUTHA,7.5T,"47,569.00",47569.0
1659,IKUTHA,P/UP,Spirit,43112.25
1660,IKUTHA,P/UP,"43,112.25",43112.25
1661,ISIOLO,14T,Beer,69296.15
1662,ISIOLO,14T,"69,296.15",69296.15
1663,ISIOLO,14T,Spirit,68570.46
1664,ISIOLO,14T,"68,570.46",68570.46
1665,ISIOLO,30T,Beer,115329.05
1666,ISIOLO,30T,"115,329.05",115329.05
1667,ISIOLO,30T,Spirit,109963.92
1668,ISIOLO,30T,"109,963.92",109963.92
1669,ISIOLO,7.5T,Beer,53141.34
1670,ISIOLO,7.5T,"53,141.34",53141.34
1671,ISIOLO,7.5T,Spirit,52399.3
1672,ISIOLO,7.5T,"52,399.30",52399.3
1673,ISIOLO,P/UP,Beer,48096.01
1674,ISIOLO,P/UP,"48,096.01",48096.01
1675,ISIOLO,P/UP,Spirit,47396.01
1676,ISIOLO,P/UP,"47,396.01",47396.01
1677,JUJA,14T,Beer,14779.54
1678,JUJA,14T,"14,779.54",14779.54
1679,JUJA,14T,Keg,16133.79
1680,JUJA,14T,"16,133.79",16133.79
1681,JUJA,14T,Spirit,13921.86
1682,JUJA,14T,"13,921.86",13921.86
1683,JUJA,30T,Beer,21705.0
1684,JUJA,30T,"21,705.00",21705.0
1685,JUJA,30T,Keg,21808.95
1686,JUJA,30T,"21,808.95",21808.95
1687,JUJA,30T,Spirit,20955.94
1688,JUJA,30T,"20,955.94",20955.94
1689,JUJA,7.5T,Beer,13976.22
1690,JUJA,7.5T,"13,976.22",13976.22
1691,JUJA,7.5T,Keg,12148.77
1692,JUJA,7.5T,"12,148.77",12148.77
1693,JUJA,7.5T,Spirit,11378.69
1694,JUJA,7.5T,"11,378.69",11378.69
1695,JUJA,P/UP,Beer,10885.86
1696,JUJA,P/UP,"10,885.86",10885.86
1697,JUJA,P/UP,Spirit,10185.86
1698,JUJA,P/UP,"10,185.86",10185.86
1699,KABATI,14T,Beer,21923.65
1700,KABATI,14T,"21,923.65",21923.65
1701,KABATI,14T,Keg,26293.96
1702,KABATI,14T,"26,293.96",26293.96
1703,KABATI,14T,Spirit,21065.97
1704,KABATI,14T,"21,065.97",21065.97
1705,KABATI,30T,Beer,33688.33
1706,KABATI,30T,"33,688.33",33688.33
1707,KABATI,30T,Keg,39645.41
1708,KABATI,30T,"39,645.41",39645.41
1709,KABATI,30T,Spirit,32702.17
1710,KABATI,30T,"32,702.17",32702.17
1711,KABATI,7.5T,Beer,17499.57
1712,KABATI,7.5T,"17,499.57",17499.57
1713,KABATI,7.5T,Keg,17458.69
1714,KABATI,7.5T,"17,458.69",17458.69
1715,KABATI,7.5T,Spirit,16688.61
1716,KABATI,7.5T,"16,688.61",16688.61
1717,KABATI,P/UP,Beer,15701.95
1718,KABATI,P/UP,"15,701.95",15701.95
1719,KABATI,P/UP,Spirit,15001.95
1720,KABATI,P/UP,"15,001.95",15001.95
1721,KAGIO,14T,Beer,31336.25
1722,KAGIO,14T,"31,336.25",31336.25
1723,KAGIO,14T,Keg,27793.93
1724,KAGIO,14T,"27,793.93",27793.93
1725,KAGIO,14T,Spirit,30610.56
1726,KAGIO,14T,"30,610.56",30610.56
1727,KAGIO,30T,Beer,54372.78
1728,KAGIO,30T,"54,372.78",54372.78
1729,KAGIO,30T,Keg,54273.1
1730,KAGIO,30T,"54,273.10",54273.1
1731,KAGIO,30T,Spirit,47910.87
1732,KAGIO,30T,"47,910.87",47910.87
1733,KAGIO,7.5T,Beer,24717.76
1734,KAGIO,7.5T,"24,717.76",24717.76
1735,KAGIO,7.5T,Keg,24745.79
1736,KAGIO,7.5T,"24,745.79",24745.79
1737,KAGIO,7.5T,Spirit,23975.71
1738,KAGIO,7.5T,"23,975.71",23975.71
1739,KAGIO,P/UP,Beer,22381.27
1740,KAGIO,P/UP,"22,381.27",22381.27
1741,KAGIO,P/UP,Spirit,21681.27
1742,KAGIO,P/UP,"21,681.27",21681.27
1743,KAHURO,14T,Keg,28786.44
1744,KAHURO,14T,"28,786.44",28786.44
1745,KAHURO,14T,Spirit,27997.67
1746,KAHURO,14T,"27,997.67",27997.67
1747,KAHURO,30T,Keg,56376.58
1748,KAHURO,30T,"56,376.58",56376.58
1749,KAHURO,30T,Spirit,44207.65
1750,KAHURO,30T,"44,207.65",44207.65
1751,KAHURO,7.5T,Keg,22567.47
1752,KAHURO,7.5T,"22,567.47",22567.47
1753,KAHURO,7.5T,Spirit,21797.39
1754,KAHURO,7.5T,"21,797.39",21797.39
1755,KAHURO,P/UP,Spirit,19619.95
1756,KAHURO,P/UP,"19,619.95",19619.95
1757,KANGARI,14T,Keg,25803.45
1758,KANGARI,14T,"25,803.45",25803.45
1759,KANGARI,30T,Keg,40109.38
1760,KANGARI,30T,"40,109.38",40109.38
1761,KANGARI,7.5T,Keg,20368.95
1762,KANGARI,7.5T,"20,368.95",20368.95
1763,KANGEMA,14T,Beer,31682.83
1764,KANGEMA,14T,"31,682.83",31682.83
1765,KANGEMA,14T,Keg,31682.83
1767,KANGEMA,14T,Spirit,30825.15
1768,KANGEMA,14T,"30,825.15",30825.15
1769,KANGEMA,30T,Beer,49253.24
1770,KANGEMA,30T,"49,253.24",49253.24
1771,KANGEMA,30T,Keg,49253.24
1773,KANGEMA,30T,Spirit,48267.08
1774,KANGEMA,30T,"48,267.08",48267.08
1775,KANGEMA,7.5T,Beer,24944.83
1776,KANGEMA,7.5T,"24,944.83",24944.83
1777,KANGEMA,7.5T,Keg,24944.83
1779,KANGEMA,7.5T,Spirit,24133.87
1780,KANGEMA,7.5T,"24,133.87",24133.87
1781,KANGEMA,P/UP,Beer,22524.25
1782,KANGEMA,P/UP,"22,524.25",22524.25
1783,KANGEMA,P/UP,Spirit,21824.25
1784,EB,P/UP,"21,824.25",21824.25
1785,KARATINA,14T,Beer,35331.1
1786,KARATINA,14T,"35,331.10",35331.1
1787,KARATINA,14T,Keg,35262.19
1788,KARATINA,14T,"35,262.19",35262.19
1789,KARATINA,14T,Spirit,34473.42
1790,KARATINA,14T,"34,473.42",34473.42
1791,KARATINA,30T,Beer,55308.77
1792,KARATINA,30T,"55,308.77",55308.77
1793,KARATINA,30T,Keg,62057.5
1794,KARATINA,30T,"62,057.50",62057.5
1795,KARATINA,30T,Spirit,54322.61
1796,KARATINA,30T,"54,322.61",54322.61
1797,KARATINA,7.5T,Beer,27633.66
1798,KARATINA,7.5T,"27,633.66",27633.66
1799,KARATINA,7.5T,Keg,27592.78
1800,KARATINA,7.5T,"27,592.78",27592.78
1801,KARATINA,7.5T,Spirit,26822.7
1802,KARATINA,7.5T,"26,822.70",26822.7
1803,KARATINA,P/UP,Beer,24954.77
1804,KARATINA,P/UP,"24,954.77",24954.77
1805,KARATINA,P/UP,Spirit,24254.77
1806,KARATINA,P/UP,"24,254.77",24254.77
1807,KERUGOYA,14T,Beer,35760.31
1808,KERUGOYA,14T,"35,760.31",35760.31
1809,KERUGOYA,14T,Keg,32370.78
1810,KERUGOYA,14T,"32,370.78",32370.78
1811,KERUGOYA,14T,Spirit,34902.63
1812,KERUGOYA,14T,"34,902.63",34902.63
1813,KERUGOYA,30T,Beer,55784.07
1814,KERUGOYA,30T,"55,784.07",55784.07
1815,KERUGOYA,30T,Keg,42692.73
1816,KERUGOYA,30T,"42,692.73",42692.73
1817,KERUGOYA,30T,Spirit,55035.02
1818,KERUGOYA,30T,"55,035.02",55035.02
1819,KERUGOYA,7.5T,Beer,34050.49
1820,KERUGOYA,7.5T,"34,050.49",34050.49
1821,KERUGOYA,7.5T,Keg,27950.0
1822,KERUGOYA,7.5T,"27,950.00",27950.0
1823,KERUGOYA,7.5T,Spirit,27139.04
1824,KERUGOYA,7.5T,"27,139.04",27139.04
1825,KERUGOYA,P/UP,Beer,25240.72
1826,KERUGOYA,P/UP,"25,240.72",25240.72
1827,KERUGOYA,P/UP,Spirit,24540.72
1828,KERUGOYA,P/UP,"24,540.72",24540.72
1829,KIANYAGA,14T,Keg,35691.4
1830,KIANYAGA,14T,"35,691.40",35691.4
1831,KIANYAGA,14T,Spirit,34902.63
1832,KIANYAGA,14T,"34,902.63",34902.63
1833,KIANYAGA,30T,Keg,57574.66
1834,KIANYAGA,30T,"57,574.66",57574.66
1835,KIANYAGA,30T,Spirit,55321.18
1836,KIANYAGA,30T,"55,321.18",55321.18
1837,KIANYAGA,7.5T,Keg,27909.12
1838,KIANYAGA,7.5T,"27,909.12",27909.12
1839,KIANYAGA,7.5T,Spirit,27139.04
1840,KIANYAGA,7.5T,"27,139.04",27139.04
1841,KIANYAGA,P/UP,Spirit,24581.6
1842,KIANYAGA,P/UP,"24,581.60",24581.6
1843,KIKUYU,14T,Keg,14174.12
1844,KIKUYU,14T,"14,174.12",14174.12
1845,KIKUYU,30T,Keg,28561.6
1846,KIKUYU,30T,"28,561.60",28561.6
1847,KIKUYU,7.5T,Keg,11753.36
1848,KIKUYU,7.5T,"11,753.36",11753.36
1849,KINAMBA,14T,Keg,62102.98
1850,KINAMBA,14T,"62,102.98",62102.98
1851,KINAMBA,14T,Spirit,61314.21
1852,KINAMBA,14T,"61,314.21",61314.21
1853,KINAMBA,30T,Keg,99291.99
1854,KINAMBA,30T,"99,291.99",99291.99
1855,KINAMBA,30T,Spirit,98438.99
1856,KINAMBA,30T,"98,438.99",98438.99
1857,KINAMBA,7.5T,Keg,19086.58
1858,KINAMBA,7.5T,"19,086.58",19086.58
1859,KINAMBA,7.5T,Spirit,46778.16
1860,KINAMBA,7.5T,"46,778.16",46778.16
1861,KINAMBA,P/UP,Spirit,42356.51
1862,KINAMBA,P/UP,"42,356.51",42356.51
1863,KIRITIRI,14T,Keg,42558.72
1864,KIRITIRI,14T,"42,558.72",42558.72
1865,KIRITIRI,30T,Keg,67286.65
1866,KIRITIRI,30T,"67,286.65",67286.65
1867,KIRITIRI,7.5T,Keg,32970.45
1868,KIRITIRI,7.5T,"32,970.45",32970.45
1869,KITENGELA,14T,Keg,22965.43
1870,KITENGELA,14T,"22,965.43",22965.43
1871,KITENGELA,30T,Keg,32051.0
1872,KITENGELA,30T,"32,051.00",32051.0
1873,KITENGELA,7.5T,Keg,13375.91
1874,KITENGELA,7.5T,"13,375.91",13375.91
1875,LODWAR,14T,Beer,155263.51
1876,LODWAR,14T,"155,263.51",155263.51
1877,LODWAR,14T,Spirit,155237.82
1878,LODWAR,14T,"155,237.82",155237.82
1879,LODWAR,30T,Beer,324198.91
1880,LODWAR,30T,"324,198.91",324198.91
1881,LODWAR,30T,Spirit,325263.25
1882,LODWAR,30T,"325,263.25",325263.25
1883,LODWAR,7.5T,Beer,117441.52
1884,LODWAR,7.5T,"117,441.52",117441.52
1885,LODWAR,7.5T,Spirit,117399.47
1886,LODWAR,7.5T,"117,399.47",117399.47
1887,LODWAR,P/UP,Beer,106138.55
1888,LODWAR,P/UP,"106,138.55",106138.55
1889,LODWAR,P/UP,Spirit,106138.55
1891,LOITOKTOK,14T,Spirit,50354.1
1892,LOITOKTOK,14T,"50,354.10",50354.1
1893,LOITOKTOK,30T,Spirit,80968.08
1894,LOITOKTOK,30T,"80,968.08",80968.08
1895,LOITOKTOK,7.5T,Spirit,38527.05
1896,LOITOKTOK,7.5T,"38,527.05",38527.05
1897,LOITOKTOK,P/UP,Spirit,34875.6
1898,LOITOKTOK,P/UP,"34,875.60",34875.6
1899,LOKICHOGIO,14T,Beer,201951.53
1900,LOKICHOGIO,14T,"201,951.53",201951.53
1901,LOKICHOGIO,14T,Spirit,201225.84
1902,LOKICHOGIO,14T,"201,225.84",201225.84
1903,LOKICHOGIO,30T,Beer,328180.6
1904,LOKICHOGIO,30T,"328,180.60",328180.6
1905,LOKICHOGIO,30T,Spirit,327784.64
1906,LOKICHOGIO,30T,"327,784.64",327784.64
1907,LOKICHOGIO,7.5T,Beer,152052.0
1908,LOKICHOGIO,7.5T,"152,052.00",152052.0
1909,LOKICHOGIO,7.5T,Spirit,151309.95
1910,LOKICHOGIO,7.5T,"151,309.95",151309.95
1911,LOKICHOGIO,P/UP,Beer,137497.42
1912,LOKICHOGIO,P/UP,"137,497.42",137497.42
1913,LOKICHOGIO,P/UP,Spirit,136797.42
1914,LOKICHOGIO,P/UP,"136,797.42",136797.42
1915,MAKONGENI,14T,Beer,17866.61
1916,MAKONGENI,14T,"17,866.61",17866.61
1917,MAKONGENI,14T,Spirit,17140.92
1918,MAKONGENI,14T,"17,140.92",17140.92
1919,MAKONGENI,30T,Beer,23854.19
1920,MAKONGENI,30T,"23,854.19",23854.19
1921,MAKONGENI,30T,Spirit,26299.05
1922,MAKONGENI,30T,"26,299.05",26299.05
1923,MAKONGENI,7.5T,Beer,14493.25
1924,MAKONGENI,7.5T,"14,493.25",14493.25
1925,MAKONGENI,7.5T,Spirit,13751.2
1926,MAKONGENI,7.5T,"13,751.20",13751.2
1927,MAKONGENI,P/UP,Beer,13030.45
1928,MAKONGENI,P/UP,"13,030.45",13030.45
1929,MAKONGENI,P/UP,Spirit,12330.45
1930,MAKONGENI,P/UP,"12,330.45",12330.45
1931,MARALAL,14T,Beer,84993.59
1932,MARALAL,14T,"84,993.59",84993.59
1933,MARALAL,14T,Spirit,84967.9
1934,MARALAL,14T,"84,967.90",84967.9
1935,MARALAL,30T,Beer,303426.85
1936,MARALAL,30T,"303,426.85",303426.85
1937,MARALAL,30T,Spirit,139126.25
1938,MARALAL,30T,"139,126.25",139126.25
1939,MARALAL,7.5T,Beer,63817.44
1940,MARALAL,7.5T,"63,817.44",63817.44
1941,MARALAL,7.5T,Spirit,63775.39
1942,MARALAL,7.5T,"63,775.39",63775.39
1943,MARALAL,P/UP,Beer,57278.8
1944,MARALAL,P/UP,"57,278.80",57278.8
1945,MARALAL,P/UP,Spirit,57278.8
1947,MARIMANTI,14T,Keg,56312.96
1948,MARIMANTI,14T,"56,312.96",56312.96
1949,MARIMANTI,30T,Keg,92301.0
1950,MARIMANTI,30T,"92,301.00",92301.0
1951,MARIMANTI,7.5T,Keg,44425.79
1952,MARIMANTI,7.5T,"44,425.79",44425.79
1953,MARSABIT,14T,Beer,131519.88
1954,MARSABIT,14T,"131,519.88",131519.88
1955,MARSABIT,14T,Keg,131582.95
1956,MARSABIT,14T,"131,582.95",131582.95
1957,MARSABIT,14T,Spirit,130794.18
1958,MARSABIT,14T,"130,794.18",130794.18
1959,MARSABIT,30T,Beer,201896.52
1960,MARSABIT,30T,"201,896.52",201896.52
1961,MARSABIT,30T,Keg,212043.35
1962,MARSABIT,30T,"212,043.35",212043.35
1963,MARSABIT,30T,Spirit,211476.5
1964,MARSABIT,30T,"211,476.50",211476.5
1965,MARSABIT,7.5T,Beer,100018.85
1966,MARSABIT,7.5T,"100,018.85",100018.85
1967,MARSABIT,7.5T,Keg,100046.88
1968,MARSABIT,7.5T,"100,046.88",100046.88
1969,MARSABIT,7.5T,Spirit,99276.8
1970,MARSABIT,7.5T,"99,276.80",99276.8
1971,MARSABIT,P/UP,Beer,90417.65
1972,MARSABIT,P/UP,"90,417.65",90417.65
1973,MARSABIT,P/UP,Spirit,89758.53
1974,MARSABIT,P/UP,"89,758.53",89758.53
1975,MATHARE,14T,Keg,14174.12
1976,MATHARE,14T,"14,174.12",14174.12
1977,MATHARE,30T,Keg,20918.44
1978,MATHARE,30T,"20,918.44",20918.44
1979,MATHARE,7.5T,Keg,11753.36
1980,MATHARE,7.5T,"11,753.36",11753.36
1981,MAUA,14T,Beer,68478.03
1982,MAUA,14T,"68,478.03",68478.03
1983,MAUA,14T,Keg,80080.63
1984,MAUA,14T,"80,080.63",80080.63
1985,MAUA,14T,Spirit,67752.33
1986,MAUA,14T,"67,752.33",67752.33
1987,MAUA,30T,Beer,112701.96
1988,MAUA,30T,"112,701.96",112701.96
1989,MAUA,30T,Keg,112602.28
1990,MAUA,30T,"112,602.28",112602.28
1991,MAUA,30T,Spirit,109125.2
1992,MAUA,30T,"109,125.20",109125.2
1993,MAUA,7.5T,Beer,52265.22
1994,MAUA,7.5T,"52,265.22",52265.22
1995,MAUA,7.5T,Keg,52293.25
1996,MAUA,7.5T,"52,293.25",52293.25
1997,MAUA,7.5T,Spirit,51523.17
1998,MAUA,7.5T,"51,523.17",51523.17
1999,MAUA,P/UP,Beer,47345.69
2000,MAUA,P/UP,"47,345.69",47345.69
2001,MAUA,P/UP,Spirit,46645.69
2002,MAUA,P/UP,"46,645.69",46645.69
2003,MERU,14T,Beer,50698.56
2004,MERU,14T,"50,698.56",50698.56
2005,MERU,14T,Keg,58505.56
2006,MERU,14T,"58,505.56",58505.56
2007,MERU,14T,Spirit,56378.32
2008,MERU,14T,"56,378.32",56378.32
2009,MERU,30T,Beer,81190.93
2010,MERU,30T,"81,190.93",81190.93
2011,MERU,30T,Keg,81023.48
2012,MERU,30T,"81,023.48",81023.48
2013,MERU,30T,Spirit,90246.22
2014,MERU,30T,"90,246.22",90246.22
2015,MERU,7.5T,Beer,57483.03
2016,MERU,7.5T,"57,483.03",57483.03
2017,MERU,7.5T,Keg,43910.41
2018,MERU,7.5T,"43,910.41",43910.41
2019,MERU,7.5T,Spirit,68425.19
2020,MERU,7.5T,"68,425.19",68425.19
2021,MERU,P/UP,Beer,39768.16
2022,MERU,P/UP,"39,768.16",39768.16
2023,MERU,P/UP,Spirit,39068.16
2024,MERU,P/UP,"39,068.16",39068.16
2025,MURANGA,14T,Beer,25354.08
2026,MURANGA,14T,"25,354.08",25354.08
2027,MURANGA,14T,Keg,25417.16
2028,MURANG'A,14T,"25,417.16",25417.16
2029,MURANGA,14T,Spirit,24628.39
2030,MURANGA,14T,"24,628.39",24628.39
2031,MURANGA,30T,Beer,35619.51
2032,MURANGA,30T,"35,619.51",35619.51
2033,MURANGA,30T,Keg,45268.9
2034,MURANG'A,30T,"45,268.90",45268.9
2035,MURANGA,30T,Spirit,38615.2
2036,MURANGA,30T,"38,615.20",38615.2
2037,MURANGA,7.5T,Beer,20056.22
2038,MURANGA,7.5T,"20,056.22",20056.22
2039,MURANGA,7.5T,Keg,20084.25
2040,MURANG'A,7.5T,"20,084.25",20084.25
2041,MURANGA,7.5T,Spirit,19314.17
2042,MURANGA,7.5T,"19,314.17",19314.17
2043,MURANGA,P/UP,Beer,18075.28
2044,MURANG'A,P/UP,"18,075.28",18075.28
2045,MURANGA,P/UP,Spirit,17375.28
2046,MURANG'A,P/UP,"17,375.28",17375.28
2047,MUTOMO,14T,Keg,53934.52
2048,MUTOMO,14T,"53,934.52",53934.52
2049,MUTOMO,14T,Spirit,59811.98
2050,MUTOMO,14T,"59,811.98",59811.98
2051,MUTOMO,30T,Keg,96798.54
2052,MUTOMO,30T,"96,798.54",96798.54
2053,MUTOMO,30T,Spirit,96231.69
2054,MUTOMO,30T,"96,231.69",96231.69
2055,MUTOMO,7.5T,Keg,46441.08
2056,MUTOMO,7.5T,"46,441.08",46441.08
2057,MUTOMO,7.5T,Spirit,41050.49
2058,MUTOMO,7.5T,"41,050.49",41050.49
2059,MUTOMO,P/UP,Spirit,41396.59
2060,MUTOMO,P/UP,"41,396.59",41396.59
2061,MWATATE,14T,Keg,91627.8
2062,MWATATE,14T,"91,627.80",91627.8
2063,MWATATE,30T,Keg,146905.86
2064,MWATATE,30T,"146,905.86",146905.86
2065,MWATATE,7.5T,Keg,69993.51
2066,MWATATE,7.5T,"69,993.51",69993.51
2067,MWEA,14T,Beer,28640.74
2068,MWEA,14T,"28,640.74",28640.74
2069,MWEA,14T,Keg,28571.83
2070,MWEA,14T,"28,571.83",28571.83
2071,MWEA,14T,Spirit,27783.06
2072,MWEA,14T,"27,783.06",27783.06
2073,MWEA,30T,Beer,44600.5
2074,MWEA,30T,"44,600.50",44600.5
2075,MWEA,30T,Keg,50248.73
2076,MWEA,30T,"50,248.73",50248.73
2077,MWEA,30T,Spirit,43851.44
2078,MWEA,30T,"43,851.44",43851.44
2079,MWEA,7.5T,Beer,22450.18
2080,MWEA,7.5T,"22,450.18",22450.18
2081,MWEA,7.5T,Keg,22409.3
2082,MWEA,7.5T,"22,409.30",22409.3
2083,MWEA,7.5T,Spirit,21639.22
2084,MWEA,7.5T,"21,639.22",21639.22
2085,MWEA,P/UP,Beer,20176.98
2086,MWEA,P/UP,"20,176.98",20176.98
2087,MWEA,P/UP,Spirit,19476.98
2088,MWEA,P/UP,"19,476.98",19476.98
2089,NANYUKI,14T,Beer,49792.18
2090,NANYUKI,14T,"49,792.18",49792.18
2091,NANYUKI,14T,Keg,59410.16
2092,NANYUKI,14T,"59,410.16",59410.16
2093,NANYUKI,14T,Spirit,49066.48
2094,NANYUKI,14T,"49,066.48",49066.48
2095,NANYUKI,30T,Beer,83506.54
2096,NANYUKI,30T,"83,506.54",83506.54
2097,NANYUKI,30T,Keg,83496.56
2098,NANYUKI,30T,"83,496.56",83496.56
2099,NANYUKI,30T,Spirit,78544.68
2100,NANYUKI,30T,"78,544.68",78544.68
2101,NANYUKI,7.5T,Beer,38320.09
2102,NANYUKI,7.5T,"38,320.09",38320.09
2103,NANYUKI,7.5T,Keg,38348.13
2104,NANYUKI,7.5T,"38,348.13",38348.13
2105,NANYUKI,7.5T,Spirit,37578.05
2106,NANYUKI,7.5T,"37,578.05",37578.05
2107,NANYUKI,P/UP,Beer,34676.89
2108,NANYUKI,P/UP,"34,676.89",34676.89
2109,NANYUKI,P/UP,Spirit,33976.89
2110,NANYUKI,P/UP,"33,976.89",33976.89
2111,NJORO,14T,Beer,62420.0
2112,NJORO,14T,"62,420.00",62420.0
2113,NJORO,30T,Beer,84184.07
2114,NJORO,30T,"84,184.07",84184.07
2115,NJORO,7.5T,Beer,38636.43
2116,NJORO,7.5T,"38,636.43",38636.43
2117,NJORO,P/UP,Beer,34962.84
2118,NJORO,P/UP,"34,962.84",34962.84
2119,NKUBU,14T,Beer,53884.96
2120,NKUBU,14T,"53,884.96",53884.96
2121,NKUBU,14T,Keg,65782.02
2122,NKUBU,14T,"65,782.02",65782.02
2123,NKUBU,14T,Spirit,53159.26
2124,NKUBU,14T,"53,159.26",53159.26
2125,NKUBU,30T,Beer,89665.97
2126,NKUBU,30T,"89,665.97",89665.97
2127,NKUBU,30T,Keg,89566.29
2128,NKUBU,30T,"89,566.29",89566.29
2129,NKUBU,30T,Spirit,84903.12
2130,NKUBU,30T,"84,903.12",84903.12
2131,NKUBU,7.5T,Beer,53133.68
2132,NKUBU,7.5T,"53,133.68",53133.68
2133,NKUBU,7.5T,Keg,41537.91
2134,NKUBU,7.5T,"41,537.91",41537.91
2135,NKUBU,7.5T,Spirit,40767.83
2136,NKUBU,7.5T,"40,767.83",40767.83
2137,NKUBU,P/UP,Beer,37623.57
2138,NKUBU,P/UP,"37,623.57",37623.57
2139,NKUBU,P/UP,Spirit,36923.57
2140,NKUBU,P/UP,"36,923.57",36923.57
2141,NYAMBARE,14T,Keg,19579.93
2142,NYAMBARE,14T,"19,579.93",19579.93
2143,NYAMBARE,30T,Keg,29779.38
2144,NYAMBARE,30T,"29,779.38",29779.38
2145,NYAMBARE,7.5T,Keg,15782.12
2146,NYAMBARE,7.5T,"15,782.12",15782.12
2147,NYERI,14T,Beer,40993.43
2148,NYERI,14T,"40,993.43",40993.43
2149,NYERI,14T,Keg,40312.01
2150,NYERI,14T,"40,312.01",40312.01
2151,NYERI,14T,Spirit,40267.73
2152,NYERI,14T,"40,267.73",40267.73
2153,NYERI,30T,Beer,60775.74
2154,NYERI,30T,"60,775.74",60775.74
2155,NYERI,30T,Keg,64926.36
2156,NYERI,30T,"64,926.36",64926.36
2157,NYERI,30T,Spirit,63940.2
2158,NYERI,30T,"63,940.20",63940.2
2159,NYERI,7.5T,Beer,31888.52
2160,NYERI,7.5T,"31,888.52",31888.52
2161,NYERI,7.5T,Keg,31904.17
2162,NYERI,7.5T,"31,904.17",31904.17
2163,NYERI,7.5T,Spirit,31093.21
2164,NYERI,7.5T,"31,093.21",31093.21
2165,NYERI,P/UP,Beer,28815.02
2166,NYERI,P/UP,"28,815.02",28815.02
2167,NYERI,P/UP,Spirit,28115.02
2168,NYERI,P/UP,"28,115.02",28115.02
2169,OTHAYA,14T,Beer,35760.31
2170,OTHAYA,14T,"35,760.31",35760.31
2171,OTHAYA,14T,Keg,40073.55
2172,OTHAYA,14T,"40,073.55",40073.55
2173,OTHAYA,30T,Beer,56021.18
2174,OTHAYA,30T,"56,021.18",56021.18
2175,OTHAYA,30T,Keg,61737.85
2176,OTHAYA,30T,"61,737.85",61737.85
2177,OTHAYA,7.5T,Beer,27950.0
2178,OTHAYA,7.5T,"27,950.00",27950.0
2179,OTHAYA,7.5T,Keg,27909.12
2180,OTHAYA,7.5T,"27,909.12",27909.12
2181,OTHAYA,P/UP,Beer,25240.72
2182,OTHAYA,P/UP,"25,240.72",25240.72
2183,RUIRU,14T,Beer,14111.04
2184,RUIRU,14T,"14,111.04",14111.04
2185,RUIRU,14T,Keg,20021.04
2186,RUIRU,14T,"20,021.04",20021.04
2187,RUIRU,14T,Spirit,13385.35
2188,RUIRU,14T,"13,385.35",13385.35
2189,RUIRU,30T,Beer,18154.89
2190,RUIRU,30T,"18,154.89",18154.89
2191,RUIRU,30T,Keg,20918.44
2192,RUIRU,30T,"20,918.44",20918.44
2193,RUIRU,30T,Spirit,20065.43
2194,RUIRU,30T,"20,065.43",20065.43
2195,RUIRU,7.5T,Beer,11725.33
2196,RUIRU,7.5T,"11,725.33",11725.33
2197,RUIRU,7.5T,Keg,11753.36
2198,RUIRU,7.5T,"11,753.36",11753.36
2199,RUIRU,7.5T,Spirit,10983.28
2200,RUIRU,7.5T,"10,983.28",10983.28
2201,RUIRU,P/UP,Beer,10528.43
2202,RUIRU,P/UP,"10,528.43",10528.43
2203,RUIRU,P/UP,Spirit,9828.43
2204,RUIRU,P/UP,"9,828.43",9828.43
2205,RUNYENJES,14T,Keg,40841.89
2206,RUNYENJES,14T,"40,841.89",40841.89
2207,RUNYENJES,30T,Keg,64437.0
2208,RUNYENJES,30T,"64,437.00",64437.0
2209,RUNYENJES,7.5T,Keg,31705.12
2210,RUNYENJES,7.5T,"31,705.12",31705.12
2211,THIKA,14T,Beer,16729.21
2212,THIKA,14T,"16,729.21",16729.21
2213,THIKA,14T,Keg,19211.31
2214,THIKA,14T,"19,211.31",19211.31
2215,THIKA,14T,Spirit,16003.52
2216,THIKA,14T,"16,003.52",16003.52
2217,THIKA,30T,Beer,24112.29
2218,THIKA,30T,"24,112.29",24112.29
2219,THIKA,30T,Keg,27949.18
2220,THIKA,30T,"27,949.18",27949.18
2221,THIKA,30T,Spirit,24411.15
2222,THIKA,30T,"24,411.15",24411.15
2223,THIKA,7.5T,Beer,14462.5
2224,THIKA,7.5T,"14,462.50",14462.5
2225,THIKA,7.5T,Keg,13682.99
2226,THIKA,7.5T,"13,682.99",13682.99
2227,THIKA,7.5T,Spirit,12912.91
2228,THIKA,7.5T,"12,912.91",12912.91
2229,THIKA,P/UP,Beer,12272.7
2230,THIKA,P/UP,"12,272.70",12272.7
2231,THIKA,P/UP,Spirit,11572.7
2232,THIKA,P/UP,"11,572.70",11572.7
2233,WAJIR,14T,Beer,164354.27
2234,WAJIR,14T,"164,354.27",164354.27
2235,WAJIR,14T,Spirit,163628.58
2236,WAJIR,14T,"163,628.58",163628.58
2237,WAJIR,30T,Beer,266439.07
2238,WAJIR,30T,"266,439.07",266439.07
2239,WAJIR,30T,Spirit,265976.18
2240,WAJIR,30T,"265,976.18",265976.18
2241,WAJIR,7.5T,Beer,124218.35
2242,WAJIR,7.5T,"124,218.35",124218.35
2243,WAJIR,7.5T,Spirit,123476.31
2244,WAJIR,7.5T,"123,476.31",123476.31
2245,WAJIR,P/UP,Beer,112292.41
2246,WAJIR,P/UP,"112,292.41",112292.41
2247,WAJIR,P/UP,Spirit,111633.29
2248,WAJIR,P/UP,"111,633.29",111633.29
2249,BUNGOMA,14T,Keg,104435.12
2250,BUNGOMA,14T,"104,435.12",104435.12
2251,BUNGOMA,14T,Spirit,103646.35
2252,BUNGOMA,14T,"103,646.35",103646.35
2253,BUNGOMA,30T,Keg,168145.13
2254,BUNGOMA,30T,"168,145.13",168145.13
2255,BUNGOMA,30T,Spirit,167292.12
2256,BUNGOMA,30T,"167,292.12",167292.12
2257,BUNGOMA,7.5T,Keg,79442.63
2258,BUNGOMA,7.5T,"79,442.63",79442.63
2259,BUNGOMA,7.5T,Spirit,79331.67
2260,BUNGOMA,7.5T,"79,331.67",79331.67
2261,BUNGOMA,P/UP,Spirit,71157.94
2262,BUNGOMA,P/UP,"71,157.94",71157.94
2263,BUSIA,14T,Beer,116349.58
2264,BUSIA,14T,"116,349.58",116349.58
2265,BUSIA,14T,Spirit,115623.88
2266,BUSIA,14T,"115,623.88",115623.88
2267,BUSIA,30T,Beer,118250.0
2268,BUSIA,30T,"118,250.00",118250.0
2269,BUSIA,30T,Spirit,186653.63
2270,BUSIA,30T,"186,653.63",186653.63
2271,BUSIA,7.5T,Beer,88515.4
2272,BUSIA,7.5T,"88,515.40",88515.4
2273,BUSIA,7.5T,Spirit,87773.35
2274,BUSIA,7.5T,"87,773.35",87773.35
2275,BUSIA,P/UP,Beer,80042.83
2276,BUSIA,P/UP,"80,042.83",80042.83
2277,BUSIA,P/UP,Spirit,79342.83
2278,BUSIA,P/UP,"79,342.83",79342.83
2279,KAKAMEGA,14T,Beer,97719.33
2280,KAKAMEGA,14T,"97,719.33",97719.33
2281,KAKAMEGA,14T,Keg,97782.4
2282,KAKAMEGA,14T,"97,782.40",97782.4
2283,KAKAMEGA,14T,Spirit,96993.63
2284,KAKAMEGA,14T,"96,993.63",96993.63
2285,KAKAMEGA,30T,Beer,156998.76
2286,KAKAMEGA,30T,"156,998.76",156998.76
2287,KAKAMEGA,30T,Keg,86422.55
2288,KAKAMEGA,30T,"86,422.55",86422.55
2289,KAKAMEGA,30T,Spirit,156249.71
2290,KAKAMEGA,30T,"156,249.71",156249.71
2291,KAKAMEGA,7.5T,Beer,74511.43
2292,KAKAMEGA,7.5T,"74,511.43",74511.43
2293,KAKAMEGA,7.5T,Keg,74539.46
2294,KAKAMEGA,7.5T,"74,539.46",74539.46
2295,KAKAMEGA,7.5T,Spirit,96835.27
2296,KAKAMEGA,7.5T,"96,835.27",96835.27
2297,KAKAMEGA,P/UP,Beer,67425.81
2298,KAKAMEGA,P/UP,"67,425.81",67425.81
2299,KAKAMEGA,P/UP,Spirit,66725.81
2300,KAKAMEGA,P/UP,"66,725.81",66725.81
2301,KISUMU,14T,Beer,90125.58
2302,KISUMU,14T,"90,125.58",90125.58
2303,KISUMU,14T,Keg,90056.67
2304,KISUMU,14T,"90,056.67",90056.67
2305,KISUMU,14T,Spirit,89267.9
2306,KISUMU,14T,"89,267.90",89267.9
2307,KISUMU,30T,Beer,144412.41
2308,KISUMU,30T,"144,412.41",144412.41
2309,KISUMU,30T,Keg,144279.26
2310,KISUMU,30T,"144,279.26",144279.26
2311,KISUMU,30T,Spirit,143426.25
2312,KISUMU,30T,"143,426.25",143426.25
2313,KISUMU,7.5T,Beer,68886.35
2314,KISUMU,7.5T,"68,886.35",68886.35
2315,KISUMU,7.5T,Keg,68845.47
2316,KISUMU,7.5T,"68,845.47",68845.47
2317,KISUMU,7.5T,Spirit,68075.39
2318,KISUMU,7.5T,"68,075.39",68075.39
2319,AYOTI,14T,Beer,89993.59
2320,AYOTI,14T,"89,993.59",89993.59
2321,AYOTI,14T,Spirit,89267.9
2322,AYOTI,14T,"89,267.90",89267.9
2323,AYOTI,30T,Beer,144175.3
2324,AYOTI,30T,"144,175.30",144175.3
2325,AYOTI,30T,Spirit,143426.25
2326,AYOTI,30T,"143,426.25",143426.25
2327,AYOTI,7.5T,Beer,68817.44
2328,AYOTI,7.5T,"68,817.44",68817.44
2329,AYOTI,7.5T,Spirit,68075.39
2330,AYOTI,7.5T,"68,075.39",68075.39
2331,AYOTI,P/UP,Beer,62278.8
2332,AYOTI,P/UP,"62,278.80",62278.8
2333,AYOTI,P/UP,Spirit,61578.8
2334,AYOTI,P/UP,"61,578.80",61578.8
2335,KISUMU,P/UP,Beer,62278.8
2336,KISUMU,P/UP,"62,278.80",62278.8
2337,KISUMU,P/UP,Spirit,61578.8
2338,KISUMU,P/UP,"61,578.80",61578.8
2339,MIGORI,14T,Spirit,50997.92
2340,MIGORI,14T,"50,997.92",50997.92
2341,MIGORI,30T,Spirit,82036.7
2342,MIGORI,30T,"82,036.70",82036.7
2343,MIGORI,7.5T,Spirit,39001.54
2344,MIGORI,7.5T,"39,001.54",39001.54
2345,MIGORI,P/UP,Spirit,35304.52
2346,MIGORI,P/UP,"35,304.52",35304.52
2347,-,14T,Nbo,32775.36
2348,KITHYUKO,14T,"32,775.36",32775.36
2349,-,30T,Nbo,50643.63
2350,KITHYUKO,30T,"50,643.63",50643.63
2351,-,7.5T,Nbo,47034.5
2352,KITHYUKO,7.5T,"47,034.50",47034.5
2353,KITHYUKO,P/UP,"23,555.97",23555.97
2354,-,14T,Nbo,36774.09
2355,KITUI,14T,"36,774.09",36774.09
2356,-,30T,Nbo,58316.94
2357,KITUI,30T,"58,316.94",58316.94
2358,-,7.5T,Nbo,57887.52
2359,KITUI,7.5T,"57,887.52",57887.52
2360,KITUI,P/UP,"28,515.61",28515.61
2361,-,14T,Nbo,19931.53
2362,MACHAKOS,14T,"19,931.53",19931.53
2363,-,30T,Nbo,30450.65
2364,MACHAKOS,30T,"30,450.65",30450.65
2365,-,7.5T,Nbo,40538.84
2366,MACHAKOS,7.5T,"40,538.84",40538.84
2367,MACHAKOS,P/UP,"52,734.60",52734.6
2368,-,14T,Nbo,122419.0
2369,MALINDI,14T,"122,419.00",122419.0
2370,-,30T,Nbo,140368.66
2371,MALINDI,30T,"140,368.66",140368.66
2372,-,7.5T,Nbo,93605.21
2373,MALINDI,7.5T,"93,605.21",93605.21
2374,MALINDI,P/UP,"88,700.19",88700.19
2375,-,14T,Nbo,106526.95
2376,MOMBASA,14T,"106,526.95",106526.95
2377,-,30T,Nbo,107137.1
2378,MOMBASA,30T,"107,137.10",107137.1
2379,-,7.5T,Nbo,80376.99
2380,MOMBASA,7.5T,"80,376.99",80376.99
2381,MOMBASA,P/UP,"78,112.25",78112.25
2382,-,14T,Nbo,106714.41
2383,NYALI,14T,"106,714.41",106714.41
2384,-,30T,Nbo,122347.19
2385,NYALI,30T,"122,347.19",122347.19
2386,-,7.5T,Nbo,81546.7
2387,NYALI,7.5T,"81,546.70",81546.7
2388,NYALI,P/UP,"60,900.91",60900.91
2389,-,14T,Nbo,26195.51
2390,TALA,14T,"26,195.51",26195.51
2391,-,30T,Nbo,40033.23
2392,TALA,30T,"40,033.23",40033.23
2393,-,7.5T,Nbo,58349.02
2394,TALA,7.5T,"58,349.02",58349.02
2395,TALA,P/UP,"59,549.02",59549.02
2396,-,14T,Nbo,74242.88
2397,VOI,14T,"74,242.88",74242.88
2398,-,30T,Nbo,86567.94
2399,VOI,30T,"86,567.94",86567.94
2400,-,7.5T,Nbo,63318.38
2401,VOI,7.5T,"63,318.38",63318.38
2402,VOI,P/UP,"60,617.46",60617.46
2403,-,14T,Nbo,113120.88
2404,DIANI,14T,"113,120.88",113120.88
2405,-,30T,Nbo,130007.02
2406,DIANI,30T,"130,007.02",130007.02
2407,-,7.5T,Nbo,88582.79
2408,DIANI,7.5T,"88,582.79",88582.79
2409,-,P/UP,Nbo,78232.25
2410,DIANI,P/UP,"78,232.25",78232.25
2411,-,14T,Nbo,31163.12
2412,EMALI,14T,"31,163.12",31163.12
2413,-,30T,Nbo,48066.0
2414,EMALI,30T,"48,066.00",48066.0
2415,-,7.5T,Nbo,44420.85
2416,EMALI,7.5T,"44,420.85",44420.85
2417,-,P/UP,Nbo,37850.93
2418,EMALI,P/UP,"37,850.93",37850.93
2419,-,14T,Nbo,36848.98
2420,KITUI,14T,"36,848.98",36848.98
2421,-,30T,Nbo,58459.92
2422,KITUI,30T,"58,459.92",58459.92
2423,-,7.5T,Nbo,58607.52
2424,KITUI,7.5T,"58,607.52",58607.52
2425,-,P/UP,Nbo,28515.61
2427,-,14T,Nbo,20006.42
2428,MACHAKOS,14T,"20,006.42",20006.42
2429,-,30T,Nbo,30593.63
2430,MACHAKOS,30T,"30,593.63",30593.63
2431,-,7.5T,Nbo,41258.84
2432,MACHAKOS,7.5T,"41,258.84",41258.84
2433,-,P/UP,Nbo,52734.6
2435,-,14T,Nbo,106601.84
2436,MOMBASA,14T,"106,601.84",106601.84
2437,-,30T,Nbo,107280.08
2438,MOMBASA,30T,"107,280.08",107280.08
2439,-,7.5T,Nbo,79894.43
2440,MOMBASA,7.5T,"79,894.43",79894.43
2441,-,P/UP,Nbo,78112.25
2443,-,14T,Nbo,106789.3
2444,NYALI,14T,"106,789.30",106789.3
2445,-,30T,Nbo,122490.18
2446,NYALI,30T,"122,490.18",122490.18
2447,-,7.5T,Nbo,81047.18
2448,NYALI,7.5T,"81,047.18",81047.18
2449,-,P/UP,Nbo,60900.91
2451,-,14T,Nbo,26270.4
2452,TALA,14T,"26,270.40",26270.4
2453,-,30T,Nbo,40176.21
2454,TALA,30T,"40,176.21",40176.21
2455,-,7.5T,Nbo,59069.02
2456,TALA,7.5T,"59,069.02",59069.02
2457,-,P/UP,Nbo,59549.02
2460,UKUNDA,14T,"113,120.88",113120.88
2462,UKUNDA,30T,"130,007.02",130007.02
2463,-,7.5T,Nbo,101055.62
2464,UKUNDA,7.5T,"101,055.62",101055.62
2465,-,P/UP,Nbo,95444.08
2466,UKUNDA,P/UP,"95,444.08",95444.08
2467,-,14T,Nbo,74317.78
2468,VOI,14T,"74,317.78",74317.78
2469,-,30T,Nbo,86710.93
2470,VOI,30T,"86,710.93",86710.93
2471,-,7.5T,Nbo,64038.38
2472,VOI,7.5T,"64,038.38",64038.38
2473,-,P/UP,Nbo,60617.46
2475,CHANGAMWE,14T,Keg,118946.77
2476,CHANGAMWE,14T,"118,946.77",118946.77
2477,CHANGAMWE,14T,Spirit,118158.0
2478,CHANGAMWE,14T,"118,158.00",118158.0
2479,CHANGAMWE,30T,Keg,104358.11
2480,CHANGAMWE,30T,"104,358.11",104358.11
2481,CHANGAMWE,30T,Spirit,191453.4
2482,CHANGAMWE,30T,"191,453.40",191453.4
2483,CHANGAMWE,7.5T,Keg,90174.56
2484,CHANGAMWE,7.5T,"90,174.56",90174.56
2485,CHANGAMWE,7.5T,Spirit,89404.48
2486,CHANGAMWE,7.5T,"89,404.48",89404.48
2487,CHANGAMWE,P/UP,Spirit,66630.39
2488,CHANGAMWE,P/UP,"66,630.39",66630.39
2489,EMALI,14T,Beer,36701.35
2490,EMALI,14T,"36,701.35",36701.35
2491,EMALI,14T,Keg,36764.42
2492,EMALI,14T,"36,764.42",36764.42
2493,EMALI,14T,Spirit,35975.65
2494,EMALI,14T,"35,975.65",35975.65
2495,EMALI,30T,Beer,54057.14
2496,EMALI,30T,"54,057.14",54057.14
2497,EMALI,30T,Keg,46766.8
2498,EMALI,30T,"46,766.80",46766.8
2499,EMALI,30T,Spirit,56816.05
2500,EMALI,30T,"56,816.05",56816.05
2501,EMALI,7.5T,Beer,28671.92
2502,EMALI,7.5T,"28,671.92",28671.92
2503,EMALI,7.5T,Keg,28699.96
2504,EMALI,7.5T,"28,699.96",28699.96
2505,EMALI,7.5T,Spirit,27929.88
2506,EMALI,7.5T,"27,929.88",27929.88
2507,EMALI,P/UP,Beer,25955.58
2508,EMALI,P/UP,"25,955.58",25955.58
2509,EMALI,P/UP,Spirit,25255.58
2510,EMALI,P/UP,"25,255.58",25255.58
2511,HOLA,14T,Keg,119846.31
2512,HOLA,14T,"119,846.31",119846.31
2513,HOLA,30T,Keg,193205.95
2514,HOLA,30T,"193,205.95",193205.95
2515,HOLA,7.5T,Keg,91074.1
2516,HOLA,7.5T,"91,074.10",91074.1
2517,KIBWEZI,14T,Beer,53026.55
2518,KIBWEZI,14T,"53,026.55",53026.55
2519,KIBWEZI,14T,Keg,53089.62
2520,KIBWEZI,14T,"53,089.62",53089.62
2521,KIBWEZI,14T,Spirit,52300.85
2522,KIBWEZI,14T,"52,300.85",52300.85
2523,KIBWEZI,30T,Beer,84227.34
2524,KIBWEZI,30T,"84,227.34",84227.34
2525,KIBWEZI,30T,Keg,84331.29
2526,KIBWEZI,30T,"84,331.29",84331.29
2527,KIBWEZI,30T,Spirit,83478.28
2528,KIBWEZI,30T,"83,478.28",83478.28
2529,KIBWEZI,7.5T,Beer,40877.22
2530,KIBWEZI,7.5T,"40,877.22",40877.22
2531,KIBWEZI,7.5T,Keg,40905.25
2532,KIBWEZI,7.5T,"40,905.25",40905.25
2533,KIBWEZI,7.5T,Spirit,40135.17
2534,KIBWEZI,7.5T,"40,135.17",40135.17
2535,KIBWEZI,P/UP,Beer,37051.67
2536,KIBWEZI,P/UP,"37,051.67",37051.67
2537,KIBWEZI,P/UP,Spirit,36351.67
2538,KIBWEZI,P/UP,"36,351.67",36351.67
2539,KILIFI,14T,Keg,132012.16
2540,KILIFI,14T,"132,012.16",132012.16
2541,KILIFI,14T,Spirit,131223.39
2542,KILIFI,14T,"131,223.39",131223.39
2543,KILIFI,30T,Keg,212755.76
2544,KILIFI,30T,"212,755.76",212755.76
2545,KILIFI,30T,Spirit,212188.91
2546,KILIFI,30T,"212,188.91",212188.91
2547,KILIFI,7.5T,Keg,100363.21
2548,KILIFI,7.5T,"100,363.21",100363.21
2549,KILIFI,7.5T,Spirit,99593.13
2550,KILIFI,7.5T,"99,593.13",99593.13
2551,KILIFI,P/UP,Spirit,90044.47
2552,KILIFI,P/UP,"90,044.47",90044.47
2553,KITHYUKO,14T,Keg,38695.85
2554,KITHYUKO,14T,"38,695.85",38695.85
2555,KITHYUKO,14T,Spirit,37907.09
2556,KITHYUKO,14T,"37,907.09",37907.09
2557,KITHYUKO,30T,Keg,60874.92
2558,KITHYUKO,30T,"60,874.92",60874.92
2559,KITHYUKO,30T,Spirit,60021.92
2560,KITHYUKO,30T,"60,021.92",60021.92
2561,KITHYUKO,7.5T,Keg,30123.45
2562,KITHYUKO,7.5T,"30,123.45",30123.45
2563,KITHYUKO,7.5T,Spirit,29353.37
2564,KITHYUKO,7.5T,"29,353.37",29353.37
2565,KITHYUKO,P/UP,Spirit,26542.33
2566,KITHYUKO,P/UP,"26,542.33",26542.33
2567,KITUI,14T,Beer,43500.1
2568,KITUI,14T,"43,500.10",43500.1
2569,KITUI,14T,Keg,43563.17
2570,KITUI,14T,"43,563.17",43563.17
2571,KITUI,14T,Spirit,42774.4
2572,KITUI,14T,"42,774.40",42774.4
2573,KITUI,30T,Beer,50287.37
2574,KITUI,30T,"50,287.37",50287.37
2575,KITUI,30T,Keg,70273.55
2576,KITUI,30T,"70,273.55",70273.55
2577,KITUI,30T,Spirit,69420.54
2578,KITUI,30T,"69,420.54",69420.54
2579,KITUI,7.5T,Beer,34156.76
2580,KITUI,7.5T,"34,156.76",34156.76
2581,KITUI,7.5T,Keg,34184.79
2582,KITUI,7.5T,"34,184.79",34184.79
2583,KITUI,7.5T,Spirit,33414.71
2584,KITUI,7.5T,"33,414.71",33414.71
2585,KITUI,P/UP,Beer,30817.44
2586,KITUI,P/UP,"30,817.44",30817.44
2587,KITUI,P/UP,Spirit,30117.44
2588,KITUI,P/UP,"30,117.44",30117.44
2589,LAMU,14T,Beer,118924.83
2590,LAMU,14T,"118,924.83",118924.83
2591,LAMU,14T,Spirit,118199.13
2592,LAMU,14T,"118,199.13",118199.13
2593,LAMU,30T,Beer,191677.17
2594,LAMU,30T,"191,677.17",191677.17
2595,LAMU,30T,Spirit,191214.27
2596,LAMU,30T,"191,214.27",191214.27
2597,LAMU,7.5T,Beer,90413.4
2598,LAMU,7.5T,"90,413.40",90413.4
2599,LAMU,7.5T,Spirit,89671.35
2600,LAMU,7.5T,"89,671.35",89671.35
2601,LAMU,P/UP,Beer,81758.5
2602,LAMU,P/UP,"81,758.50",81758.5
2603,LAMU,P/UP,Spirit,81099.38
2604,LAMU,P/UP,"81,099.38",81099.38
2605,LOITOKTOK,14T,Beer,51079.8
2606,LOITOKTOK,14T,"51,079.80",51079.8
2607,LOITOKTOK,30T,Beer,81430.98
2608,LOITOKTOK,30T,"81,430.98",81430.98
2609,LOITOKTOK,7.5T,Beer,39269.09
2610,LOITOKTOK,7.5T,"39,269.09",39269.09
2611,LOITOKTOK,P/UP,Beer,35534.72
2612,LOITOKTOK,P/UP,"35,534.72",35534.72
2613,MACHAKOS,14T,Beer,23937.71
2614,MACHAKOS,14T,"23,937.71",23937.71
2615,MACHAKOS,14T,Keg,27591.86
2616,MACHAKOS,14T,"27,591.86",27591.86
2617,MACHAKOS,14T,Spirit,23212.01
2618,MACHAKOS,14T,"23,212.01",23212.01
2619,MACHAKOS,30T,Beer,22864.87
2620,MACHAKOS,30T,"22,864.87",22864.87
2621,MACHAKOS,30T,Keg,37117.24
2622,MACHAKOS,30T,"37,117.24",37117.24
2623,MACHAKOS,30T,Spirit,36264.23
2624,MACHAKOS,30T,"36,264.23",36264.23
2625,MACHAKOS,7.5T,Beer,19012.32
2626,MACHAKOS,7.5T,"19,012.32",19012.32
2627,MACHAKOS,7.5T,Keg,19040.35
2628,MACHAKOS,7.5T,"19,040.35",19040.35
2629,MACHAKOS,7.5T,Spirit,18270.27
2630,MACHAKOS,7.5T,"18,270.27",18270.27
2631,MACHAKOS,P/UP,Beer,17131.67
2632,MACHAKOS,P/UP,"17,131.67",17131.67
2633,MACHAKOS,P/UP,Spirit,16431.67
2634,MACHAKOS,P/UP,"16,431.67",16431.67
2635,MALINDI,14T,Beer,141177.05
2636,MALINDI,14T,"141,177.05",141177.05
2637,MALINDI,14T,Spirit,140451.36
2638,MALINDI,14T,"140,451.36",140451.36
2639,MALINDI,30T,Beer,227968.71
2640,MALINDI,30T,"227,968.71",227968.71
2641,MALINDI,30T,Spirit,227219.66
2642,MALINDI,30T,"227,219.66",227219.66
2643,MALINDI,7.5T,Beer,107136.35
2644,MALINDI,7.5T,"107,136.35",107136.35
2645,MALINDI,7.5T,Spirit,106394.3
2646,MALINDI,7.5T,"106,394.30",106394.3
2647,MALINDI,P/UP,Beer,96851.41
2648,MALINDI,P/UP,"96,851.41",96851.41
2649,MALINDI,P/UP,Spirit,96151.41
2650,MALINDI,P/UP,"96,151.41",96151.41
2651,MARIAKANI,14T,Beer,113988.93
2652,MARIAKANI,14T,"113,988.93",113988.93
2653,MARIAKANI,14T,Spirit,113420.92
2654,MARIAKANI,14T,"113,420.92",113420.92
2655,MARIAKANI,30T,Beer,183484.4
2656,MARIAKANI,30T,"183,484.40",183484.4
2657,MARIAKANI,30T,Spirit,183021.51
2658,MARIAKANI,30T,"183,021.51",183021.51
2659,MARIAKANI,7.5T,Beer,86844.47
2660,MARIAKANI,7.5T,"86,844.47",86844.47
2661,MARIAKANI,7.5T,Spirit,86144.47
2662,MARIAKANI,7.5T,"86,144.47",86144.47
2663,MARIAKANI,P/UP,Beer,78470.14
2664,MARIAKANI,P/UP,"78,470.14",78470.14
2665,MARIAKANI,P/UP,Spirit,77811.02
2666,MARIAKANI,P/UP,"77,811.02",77811.02
2667,MATUU,14T,Keg,30884.27
2668,MATUU,14T,"30,884.27",30884.27
2669,MATUU,14T,Spirit,30095.5
2670,MATUU,14T,"30,095.50",30095.5
2671,MATUU,30T,Keg,47908.99
2672,MATUU,30T,"47,908.99",47908.99
2673,MATUU,30T,Spirit,47342.14
2674,MATUU,30T,"47,342.14",47342.14
2675,MATUU,7.5T,Keg,24366.18
2676,MATUU,7.5T,"24,366.18",24366.18
2677,MATUU,7.5T,Spirit,23596.1
2678,MATUU,7.5T,"23,596.10",23596.1
2679,MATUU,P/UP,Spirit,21379.02
2680,MATUU,P/UP,"21,379.02",21379.02
2681,MOMBASA,14T,Beer,122102.76
2682,MOMBASA,14T,"122,102.76",122102.76
2683,MOMBASA,14T,Spirit,121377.06
2684,MOMBASA,14T,"121,377.06",121377.06
2685,MOMBASA,30T,Beer,197545.56
2686,MOMBASA,30T,"197,545.56",197545.56
2687,MOMBASA,30T,Spirit,196796.5
2688,MOMBASA,30T,"196,796.50",196796.5
2689,MOMBASA,7.5T,Beer,92519.03
2690,MOMBASA,7.5T,"92,519.03",92519.03
2691,MOMBASA,7.5T,Spirit,91776.98
2692,MOMBASA,7.5T,"91,776.98",91776.98
2693,MOMBASA,P/UP,Beer,84474.97
2694,MOMBASA,P/UP,"84,474.97",84474.97
2695,MOMBASA,P/UP,Spirit,83774.97
2696,MOMBASA,P/UP,"83,774.97",83774.97
2697,MTONGWE,14T,Beer,123216.9
2698,MTONGWE,14T,"123,216.90",123216.9
2699,MTONGWE,14T,Spirit,122491.21
2700,MTONGWE,14T,"122,491.21",122491.21
2701,MTONGWE,30T,Beer,198801.3
2702,MTONGWE,30T,"198,801.30",198801.3
2703,MTONGWE,30T,Spirit,198338.41
2704,MTONGWE,30T,"198,338.41",198338.41
2705,MTONGWE,7.5T,Beer,93576.73
2706,MTONGWE,7.5T,"93,576.73",93576.73
2707,MTONGWE,7.5T,Spirit,92834.68
2708,MTONGWE,7.5T,"92,834.68",92834.68
2709,MTONGWE,P/UP,Beer,84617.94
2710,MTONGWE,P/UP,"84,617.94",84617.94
2711,MTONGWE,P/UP,Spirit,83958.82
2712,MTONGWE,P/UP,"83,958.82",83958.82
2713,MWINGI,14T,Beer,44954.1
2714,MWINGI,14T,"44,954.10",44954.1
2715,MWINGI,14T,Keg,39571.01
2716,MWINGI,14T,"39,571.01",39571.01
2717,MWINGI,14T,Spirit,44228.4
2718,MWINGI,14T,"44,228.40",44228.4
2719,MWINGI,30T,Beer,49235.99
2720,MWINGI,30T,"49,235.99",49235.99
2721,MWINGI,30T,Keg,37008.97
2722,MWINGI,30T,"37,008.97",37008.97
2723,MWINGI,30T,Spirit,70591.33
2724,MWINGI,30T,"70,591.33",70591.33
2725,MWINGI,7.5T,Beer,29178.83
2726,MWINGI,7.5T,"29,178.83",29178.83
2727,MWINGI,7.5T,Keg,32868.46
2728,MWINGI,7.5T,"32,868.46",32868.46
2729,MWINGI,7.5T,Spirit,33981.58
2730,MWINGI,7.5T,"33,981.58",33981.58
2731,MWINGI,P/UP,Beer,29531.5
2732,MWINGI,P/UP,"29,531.50",29531.5
2733,MWINGI,P/UP,Spirit,28831.5
2734,MWINGI,P/UP,"28,831.50",28831.5
2735,NYALI,14T,Beer,123216.9
2736,NYALI,14T,"123,216.90",123216.9
2737,NYALI,14T,Spirit,122491.21
2738,NYALI,14T,"122,491.21",122491.21
2739,NYALI,30T,Beer,202859.08
2740,NYALI,30T,"202,859.08",202859.08
2741,NYALI,30T,Spirit,198052.25
2742,NYALI,30T,"198,052.25",198052.25
2743,NYALI,7.5T,Beer,93576.73
2744,NYALI,7.5T,"93,576.73",93576.73
2745,NYALI,7.5T,Spirit,92834.68
2746,NYALI,7.5T,"92,834.68",92834.68
2747,NYALI,P/UP,Beer,84617.94
2748,NYALI,P/UP,"84,617.94",84617.94
2749,NYALI,P/UP,Spirit,83917.94
2750,NYALI,P/UP,"83,917.94",83917.94
2751,SAMBURU,14T,Keg,105293.53
2752,SAMBURU,14T,"105,293.53",105293.53
2753,SAMBURU,14T,Spirit,104504.76
2754,SAMBURU,14T,"104,504.76",104504.76
2755,SAMBURU,30T,Keg,169569.96
2756,SAMBURU,30T,"169,569.96",169569.96
2757,SAMBURU,30T,Spirit,169003.12
2758,SAMBURU,30T,"169,003.12",169003.12
2759,SAMBURU,7.5T,Keg,80075.3
2760,SAMBURU,7.5T,"80,075.30",80075.3
2761,SAMBURU,7.5T,Spirit,79305.22
2762,SAMBURU,7.5T,"79,305.22",79305.22
2763,SAMBURU,P/UP,Spirit,71770.72
2764,SAMBURU,P/UP,"71,770.72",71770.72
2765,TALA,14T,Beer,30983.38
2766,TALA,14T,"30,983.38",30983.38
2767,TALA,14T,Keg,20195.5
2768,KAGUNDO,14T,"20,195.50",20195.5
2769,TALA,14T,Spirit,31219.02
2770,TALA,14T,"31,219.02",31219.02
2771,TALA,30T,Beer,34011.23
2772,TALA,30T,"34,011.23",34011.23
2773,TALA,30T,Keg,48372.06
2774,EB,30T,"48,372.06",48372.06
2775,TALA,30T,Spirit,47402.25
2776,TALA,30T,"47,402.25",47402.25
2777,TALA,7.5T,Beer,24426.97
2778,TALA,7.5T,"24,426.97",24426.97
2779,TALA,7.5T,Keg,24571.8
2780,EB,7.5T,"24,571.80",24571.8
2781,TALA,7.5T,Spirit,40936.08
2782,TALA,7.5T,"40,936.08",40936.08
2783,TALA,P/UP,Beer,22224.0
2784,TALA,P/UP,"22,224.00",22224.0
2785,TALA,P/UP,Spirit,21524.0
2786,TALA,P/UP,"21,524.00",21524.0
2787,TAVETA,14T,Beer,87779.67
2788,TAVETA,14T,"87,779.67",87779.67
2789,TAVETA,14T,Keg,87842.74
2790,TAVETA,14T,"87,842.74",87842.74
2791,TAVETA,14T,Spirit,87053.98
2792,TAVETA,14T,"87,053.98",87053.98
2793,TAVETA,30T,Beer,140686.97
2794,TAVETA,30T,"140,686.97",140686.97
2795,TAVETA,30T,Keg,140790.92
2796,TAVETA,30T,"140,790.92",140790.92
2797,TAVETA,30T,Spirit,140224.07
2798,TAVETA,30T,"140,224.07",140224.07
2799,TAVETA,7.5T,Beer,67111.45
2800,TAVETA,7.5T,"67,111.45",67111.45
2801,TAVETA,7.5T,Keg,67139.48
2802,TAVETA,7.5T,"67,139.48",67139.48
2803,TAVETA,7.5T,Spirit,87042.26
2804,TAVETA,7.5T,"87,042.26",87042.26
2805,TAVETA,P/UP,Beer,60709.57
2806,TAVETA,P/UP,"60,709.57",60709.57
2807,TAVETA,P/UP,Spirit,60050.45
2808,TAVETA,P/UP,"60,050.45",60050.45
2809,UKUNDA,14T,Beer,130446.86
2810,UKUNDA,14T,"130,446.86",130446.86
2811,UKUNDA,14T,Keg,130509.93
2812,UKUNDA,14T,"130,509.93",130509.93
2813,UKUNDA,14T,Spirit,129721.16
2814,UKUNDA,14T,"129,721.16",129721.16
2815,UKUNDA,30T,Beer,210158.36
2816,UKUNDA,30T,"210,158.36",210158.36
2817,UKUNDA,30T,Keg,210262.32
2818,UKUNDA,30T,"210,262.32",210262.32
2819,UKUNDA,30T,Spirit,209409.31
2820,UKUNDA,30T,"209,409.31",209409.31
2821,UKUNDA,7.5T,Beer,99228.01
2822,UKUNDA,7.5T,"99,228.01",99228.01
2823,UKUNDA,7.5T,Keg,99256.04
2824,UKUNDA,7.5T,"99,256.04",99256.04
2825,UKUNDA,7.5T,Spirit,98485.96
2826,UKUNDA,7.5T,"98,485.96",98485.96
2827,UKUNDA,P/UP,Beer,89702.79
2828,UKUNDA,P/UP,"89,702.79",89702.79
2829,UKUNDA,P/UP,Spirit,89002.79
2830,UKUNDA,P/UP,"89,002.79",89002.79
2831,UKUNDA/DIANI,30T,Keg,108633.16
2832,UKUNDA/DIANI,30T,"108,633.16",108633.16
2833,VOI,14T,Beer,86062.85
2834,VOI,14T,"86,062.85",86062.85
2835,VOI,14T,Keg,86125.92
2836,VOI,14T,"86,125.92",86125.92
2837,VOI,14T,Spirit,106762.02
2838,VOI,14T,"106,762.02",106762.02
2839,VOI,30T,Beer,137837.31
2840,VOI,30T,"137,837.31",137837.31
2841,VOI,30T,Keg,137941.26
2842,VOI,30T,"137,941.26",137941.26
2843,VOI,30T,Spirit,137088.25
2844,VOI,30T,"137,088.25",137088.25
2845,VOI,7.5T,Beer,65846.12
2846,VOI,7.5T,"65,846.12",65846.12
2847,VOI,7.5T,Keg,65874.15
2848,VOI,7.5T,"65,874.15",65874.15
2849,VOI,7.5T,Spirit,65104.07
2850,VOI,7.5T,"65,104.07",65104.07
2851,VOI,P/UP,Beer,59565.8
2852,VOI,P/UP,"59,565.80",59565.8
2853,VOI,P/UP,Spirit,58865.8
2854,VOI,P/UP,"58,865.80",58865.8
2855,WOTE,14T,Beer,49577.58
2856,WOTE,14T,"49,577.58",49577.58
2857,WOTE,14T,Keg,49640.65
2858,WOTE,14T,"49,640.65",49640.65
2859,WOTE,14T,Spirit,48851.88
2860,WOTE,14T,"48,851.88",48851.88
2861,WOTE,30T,Keg,79041.49
2862,WOTE,30T,"79,041.49",79041.49
2863,WOTE,30T,Spirit,78188.48
2864,WOTE,30T,"78,188.48",78188.48
2865,WOTE,7.5T,Beer,38161.92
2866,WOTE,7.5T,"38,161.92",38161.92
2867,WOTE,7.5T,Keg,38189.95
2868,WOTE,7.5T,"38,189.95",38189.95
2869,WOTE,7.5T,Spirit,37419.87
2870,WOTE,7.5T,"37,419.87",37419.87
2871,WOTE,P/UP,Beer,34533.92
2872,WOTE,P/UP,"34,533.92",34533.92
2873,WOTE,P/UP,Spirit,33833.92
2874,WOTE,P/UP,"33,833.92",33833.92
2875,WOTE/MAKUENI,14T,Keg,32665.75
2876,WOTE/MAKUENI,14T,"32,665.75",32665.75
2877,WOTE/MAKUENI,30T,Beer,43160.98
2878,WOTE/MAKUENI,30T,"43,160.98",43160.98
2879,WUNDANYI,14T,Keg,95207.16
2880,WUNDANYI,14T,"95,207.16",95207.16
2881,WUNDANYI,14T,Spirit,94418.39
2882,WUNDANYI,14T,"94,418.39",94418.39
2883,WUNDANYI,30T,Keg,152828.23
2884,WUNDANYI,30T,"152,828.23",152828.23
2885,WUNDANYI,30T,Spirit,152261.38
2886,WUNDANYI,30T,"152,261.38",152261.38
2887,WUNDANYI,7.5T,Keg,72641.46
2888,WUNDANYI,7.5T,"72,641.46",72641.46
2889,WUNDANYI,7.5T,Spirit,71871.38
2890,WUNDANYI,7.5T,"71,871.38",71871.38
2891,WUNDANYI,P/UP,Spirit,65051.02
2892,WUNDANYI,P/UP,"65,051.02",65051.02
